[2026-02-24 16:30:06] local.INFO: Fetched 1855 rows from Google Sheets  
[2026-02-24 16:30:13] local.ERROR: Notification fetch error: cURL error 6: Could not resolve host: orders (see https://curl.haxx.se/libcurl/c/libcurl-errors.html) for orders?sort=-orderNo&filter%5Bstatus%5D=planned  
[2026-02-24 16:30:22] local.ERROR: Notification fetch error: cURL error 6: Could not resolve host: orders (see https://curl.haxx.se/libcurl/c/libcurl-errors.html) for orders?sort=-orderNo&filter%5Bstatus%5D=planned  
[2026-02-24 16:30:40] local.ERROR: Notification fetch error: cURL error 6: Could not resolve host: orders (see https://curl.haxx.se/libcurl/c/libcurl-errors.html) for orders?sort=-orderNo&filter%5Bstatus%5D=planned  
[2026-02-24 16:31:13] local.ERROR: Notification fetch error: cURL error 6: Could not resolve host: orders (see https://curl.haxx.se/libcurl/c/libcurl-errors.html) for orders?sort=-orderNo&filter%5Bstatus%5D=planned  
[2026-02-24 16:31:41] local.ERROR: Route [staff.sales-dashboard.index] not defined. {"view":{"view":"C:\\wamp64\\www\\crm-assistant\\resources\\views\\staff\\dashboard\\index.blade.php","data":{"errors":"<pre class=sf-dump id=sf-dump-1748447125 data-indent-pad=\"  \"><span class=sf-dump-note>Illuminate\\Support\\ViewErrorBag</span> {<a class=sf-dump-ref>#277</a><samp data-depth=1 class=sf-dump-expanded>
  #<span class=sf-dump-protected title=\"Protected property\">bags</span>: []
</samp>}
</pre><script>Sfdump(\"sf-dump-1748447125\", {\"maxDepth\":3,\"maxStringLength\":160})</script>
","stats":"<pre class=sf-dump id=sf-dump-648297041 data-indent-pad=\"  \"><span class=sf-dump-note>array:9</span> [<samp data-depth=1 class=sf-dump-expanded>
  \"<span class=sf-dump-key>total</span>\" => <span class=sf-dump-note>array:4</span> [<samp data-depth=2 class=sf-dump-compact>
    \"<span class=sf-dump-key>monthly_target</span>\" => <span class=sf-dump-num>360.0</span>
    \"<span class=sf-dump-key>daily_target</span>\" => <span class=sf-dump-num>20</span>
    \"<span class=sf-dump-key>orders_converted</span>\" => <span class=sf-dump-num>157</span>
    \"<span class=sf-dump-key>on_target_percent</span>\" => <span class=sf-dump-num>52.3</span>
  </samp>]
  \"<span class=sf-dump-key>new</span>\" => <span class=sf-dump-note>array:4</span> [<samp data-depth=2 class=sf-dump-compact>
    \"<span class=sf-dump-key>monthly_target</span>\" => <span class=sf-dump-num>126.0</span>
    \"<span class=sf-dump-key>daily_target</span>\" => <span class=sf-dump-num>7</span>
    \"<span class=sf-dump-key>orders_converted</span>\" => <span class=sf-dump-num>48</span>
    \"<span class=sf-dump-key>on_target_percent</span>\" => <span class=sf-dump-num>45.7</span>
  </samp>]
  \"<span class=sf-dump-key>existing</span>\" => <span class=sf-dump-note>array:4</span> [<samp data-depth=2 class=sf-dump-compact>
    \"<span class=sf-dump-key>monthly_target</span>\" => <span class=sf-dump-num>234.0</span>
    \"<span class=sf-dump-key>daily_target</span>\" => <span class=sf-dump-num>13</span>
    \"<span class=sf-dump-key>orders_converted</span>\" => <span class=sf-dump-num>108</span>
    \"<span class=sf-dump-key>on_target_percent</span>\" => <span class=sf-dump-num>55.4</span>
  </samp>]
  \"<span class=sf-dump-key>insurance_sold_count</span>\" => <span class=sf-dump-num>5</span>
  \"<span class=sf-dump-key>drivers_cost_saved_count</span>\" => <span class=sf-dump-num>26</span>
  \"<span class=sf-dump-key>orders_needed_this_week</span>\" => <span class=sf-dump-num>80.0</span>
  \"<span class=sf-dump-key>insurance_sold_today</span>\" => <span class=sf-dump-num>1</span>
  \"<span class=sf-dump-key>drivers_cost_saved_today</span>\" => <span class=sf-dump-num>0.0</span>
  \"<span class=sf-dump-key>orders_needed_today</span>\" => <span class=sf-dump-num>7</span>
</samp>]
</pre><script>Sfdump(\"sf-dump-648297041\", {\"maxDepth\":3,\"maxStringLength\":160})</script>
","chartData":"<pre class=sf-dump id=sf-dump-968460155 data-indent-pad=\"  \"><span class=sf-dump-note>array:3</span> [<samp data-depth=1 class=sf-dump-expanded>
  \"<span class=sf-dump-key>labels</span>\" => <span class=sf-dump-note>array:24</span> [<samp data-depth=2 class=sf-dump-compact>
    <span class=sf-dump-index>0</span> => \"<span class=sf-dump-str title=\"2 characters\">01</span>\"
    <span class=sf-dump-index>1</span> => \"<span class=sf-dump-str title=\"2 characters\">02</span>\"
    <span class=sf-dump-index>2</span> => \"<span class=sf-dump-str title=\"2 characters\">03</span>\"
    <span class=sf-dump-index>3</span> => \"<span class=sf-dump-str title=\"2 characters\">04</span>\"
    <span class=sf-dump-index>4</span> => \"<span class=sf-dump-str title=\"2 characters\">05</span>\"
    <span class=sf-dump-index>5</span> => \"<span class=sf-dump-str title=\"2 characters\">06</span>\"
    <span class=sf-dump-index>6</span> => \"<span class=sf-dump-str title=\"2 characters\">07</span>\"
    <span class=sf-dump-index>7</span> => \"<span class=sf-dump-str title=\"2 characters\">08</span>\"
    <span class=sf-dump-index>8</span> => \"<span class=sf-dump-str title=\"2 characters\">09</span>\"
    <span class=sf-dump-index>9</span> => \"<span class=sf-dump-str title=\"2 characters\">10</span>\"
    <span class=sf-dump-index>10</span> => \"<span class=sf-dump-str title=\"2 characters\">11</span>\"
    <span class=sf-dump-index>11</span> => \"<span class=sf-dump-str title=\"2 characters\">12</span>\"
    <span class=sf-dump-index>12</span> => \"<span class=sf-dump-str title=\"2 characters\">13</span>\"
    <span class=sf-dump-index>13</span> => \"<span class=sf-dump-str title=\"2 characters\">14</span>\"
    <span class=sf-dump-index>14</span> => \"<span class=sf-dump-str title=\"2 characters\">15</span>\"
    <span class=sf-dump-index>15</span> => \"<span class=sf-dump-str title=\"2 characters\">16</span>\"
    <span class=sf-dump-index>16</span> => \"<span class=sf-dump-str title=\"2 characters\">17</span>\"
    <span class=sf-dump-index>17</span> => \"<span class=sf-dump-str title=\"2 characters\">18</span>\"
    <span class=sf-dump-index>18</span> => \"<span class=sf-dump-str title=\"2 characters\">19</span>\"
    <span class=sf-dump-index>19</span> => \"<span class=sf-dump-str title=\"2 characters\">20</span>\"
    <span class=sf-dump-index>20</span> => \"<span class=sf-dump-str title=\"2 characters\">21</span>\"
    <span class=sf-dump-index>21</span> => \"<span class=sf-dump-str title=\"2 characters\">22</span>\"
    <span class=sf-dump-index>22</span> => \"<span class=sf-dump-str title=\"2 characters\">23</span>\"
    <span class=sf-dump-index>23</span> => \"<span class=sf-dump-str title=\"2 characters\">24</span>\"
  </samp>]
  \"<span class=sf-dump-key>target</span>\" => <span class=sf-dump-note>array:24</span> [<samp data-depth=2 class=sf-dump-compact>
    <span class=sf-dump-index>0</span> => <span class=sf-dump-num>0</span>
    <span class=sf-dump-index>1</span> => <span class=sf-dump-num>0</span>
    <span class=sf-dump-index>2</span> => <span class=sf-dump-num>0</span>
    <span class=sf-dump-index>3</span> => <span class=sf-dump-num>20.0</span>
    <span class=sf-dump-index>4</span> => <span class=sf-dump-num>40.0</span>
    <span class=sf-dump-index>5</span> => <span class=sf-dump-num>60.0</span>
    <span class=sf-dump-index>6</span> => <span class=sf-dump-num>60.0</span>
    <span class=sf-dump-index>7</span> => <span class=sf-dump-num>60.0</span>
    <span class=sf-dump-index>8</span> => <span class=sf-dump-num>80.0</span>
    <span class=sf-dump-index>9</span> => <span class=sf-dump-num>100.0</span>
    <span class=sf-dump-index>10</span> => <span class=sf-dump-num>120.0</span>
    <span class=sf-dump-index>11</span> => <span class=sf-dump-num>140.0</span>
    <span class=sf-dump-index>12</span> => <span class=sf-dump-num>160.0</span>
    <span class=sf-dump-index>13</span> => <span class=sf-dump-num>160.0</span>
    <span class=sf-dump-index>14</span> => <span class=sf-dump-num>160.0</span>
    <span class=sf-dump-index>15</span> => <span class=sf-dump-num>180.0</span>
    <span class=sf-dump-index>16</span> => <span class=sf-dump-num>200.0</span>
    <span class=sf-dump-index>17</span> => <span class=sf-dump-num>220.0</span>
    <span class=sf-dump-index>18</span> => <span class=sf-dump-num>240.0</span>
    <span class=sf-dump-index>19</span> => <span class=sf-dump-num>260.0</span>
    <span class=sf-dump-index>20</span> => <span class=sf-dump-num>260.0</span>
    <span class=sf-dump-index>21</span> => <span class=sf-dump-num>260.0</span>
    <span class=sf-dump-index>22</span> => <span class=sf-dump-num>280.0</span>
    <span class=sf-dump-index>23</span> => <span class=sf-dump-num>300.0</span>
  </samp>]
  \"<span class=sf-dump-key>actual</span>\" => <span class=sf-dump-note>array:24</span> [<samp data-depth=2 class=sf-dump-compact>
    <span class=sf-dump-index>0</span> => <span class=sf-dump-num>0</span>
    <span class=sf-dump-index>1</span> => <span class=sf-dump-num>9</span>
    <span class=sf-dump-index>2</span> => <span class=sf-dump-num>14</span>
    <span class=sf-dump-index>3</span> => <span class=sf-dump-num>22</span>
    <span class=sf-dump-index>4</span> => <span class=sf-dump-num>32</span>
    <span class=sf-dump-index>5</span> => <span class=sf-dump-num>42</span>
    <span class=sf-dump-index>6</span> => <span class=sf-dump-num>42</span>
    <span class=sf-dump-index>7</span> => <span class=sf-dump-num>42</span>
    <span class=sf-dump-index>8</span> => <span class=sf-dump-num>56</span>
    <span class=sf-dump-index>9</span> => <span class=sf-dump-num>65</span>
    <span class=sf-dump-index>10</span> => <span class=sf-dump-num>72</span>
    <span class=sf-dump-index>11</span> => <span class=sf-dump-num>79</span>
    <span class=sf-dump-index>12</span> => <span class=sf-dump-num>86</span>
    <span class=sf-dump-index>13</span> => <span class=sf-dump-num>88</span>
    <span class=sf-dump-index>14</span> => <span class=sf-dump-num>88</span>
    <span class=sf-dump-index>15</span> => <span class=sf-dump-num>98</span>
    <span class=sf-dump-index>16</span> => <span class=sf-dump-num>102</span>
    <span class=sf-dump-index>17</span> => <span class=sf-dump-num>115</span>
    <span class=sf-dump-index>18</span> => <span class=sf-dump-num>119</span>
    <span class=sf-dump-index>19</span> => <span class=sf-dump-num>133</span>
    <span class=sf-dump-index>20</span> => <span class=sf-dump-num>133</span>
    <span class=sf-dump-index>21</span> => <span class=sf-dump-num>133</span>
    <span class=sf-dump-index>22</span> => <span class=sf-dump-num>144</span>
    <span class=sf-dump-index>23</span> => <span class=sf-dump-num>157</span>
  </samp>]
</samp>]
</pre><script>Sfdump(\"sf-dump-968460155\", {\"maxDepth\":3,\"maxStringLength\":160})</script>
","startDate":"<pre class=sf-dump id=sf-dump-1070147650 data-indent-pad=\"  \"><span class=sf-dump-note>Carbon\\Carbon @1769904000</span> {<a class=sf-dump-ref>#1056</a><samp data-depth=1 class=sf-dump-expanded>
  #<span class=sf-dump-protected title=\"Protected property\">endOfTime</span>: <span class=sf-dump-const>false</span>
  #<span class=sf-dump-protected title=\"Protected property\">startOfTime</span>: <span class=sf-dump-const>false</span>
  #<span class=sf-dump-protected title=\"Protected property\">constructedObjectId</span>: \"<span class=sf-dump-str title=\"32 characters\">00000000000004200000000000000000</span>\"
  #<span class=sf-dump-protected title=\"Protected property\">localMonthsOverflow</span>: <span class=sf-dump-const>null</span>
  #<span class=sf-dump-protected title=\"Protected property\">localYearsOverflow</span>: <span class=sf-dump-const>null</span>
  #<span class=sf-dump-protected title=\"Protected property\">localStrictModeEnabled</span>: <span class=sf-dump-const>null</span>
  #<span class=sf-dump-protected title=\"Protected property\">localHumanDiffOptions</span>: <span class=sf-dump-const>null</span>
  #<span class=sf-dump-protected title=\"Protected property\">localToStringFormat</span>: <span class=sf-dump-const>null</span>
  #<span class=sf-dump-protected title=\"Protected property\">localSerializer</span>: <span class=sf-dump-const>null</span>
  #<span class=sf-dump-protected title=\"Protected property\">localMacros</span>: <span class=sf-dump-const>null</span>
  #<span class=sf-dump-protected title=\"Protected property\">localGenericMacros</span>: <span class=sf-dump-const>null</span>
  #<span class=sf-dump-protected title=\"Protected property\">localFormatFunction</span>: <span class=sf-dump-const>null</span>
  #<span class=sf-dump-protected title=\"Protected property\">localTranslator</span>: <span class=sf-dump-const>null</span>
  #<span class=sf-dump-protected title=\"Protected property\">dumpProperties</span>: <span class=sf-dump-note>array:3</span> [<samp data-depth=2 class=sf-dump-compact>
    <span class=sf-dump-index>0</span> => \"<span class=sf-dump-str title=\"4 characters\">date</span>\"
    <span class=sf-dump-index>1</span> => \"<span class=sf-dump-str title=\"13 characters\">timezone_type</span>\"
    <span class=sf-dump-index>2</span> => \"<span class=sf-dump-str title=\"8 characters\">timezone</span>\"
  </samp>]
  #<span class=sf-dump-protected title=\"Protected property\">dumpLocale</span>: <span class=sf-dump-const>null</span>
  #<span class=sf-dump-protected title=\"Protected property\">dumpDateProperties</span>: <span class=sf-dump-const>null</span>
  <span class=sf-dump-meta>date</span>: <span class=sf-dump-const title=\"Sunday, February 1, 2026
- 23d 16:31:41.396244 from now
DST Off\">2026-02-01 00:00:00.0 Europe/London (+00:00)</span>
</samp>}
</pre><script>Sfdump(\"sf-dump-1070147650\", {\"maxDepth\":3,\"maxStringLength\":160})</script>
","endDate":"<pre class=sf-dump id=sf-dump-245867416 data-indent-pad=\"  \"><span class=sf-dump-note>Carbon\\Carbon @1771977599</span> {<a class=sf-dump-ref>#306</a><samp data-depth=1 class=sf-dump-expanded>
  #<span class=sf-dump-protected title=\"Protected property\">endOfTime</span>: <span class=sf-dump-const>false</span>
  #<span class=sf-dump-protected title=\"Protected property\">startOfTime</span>: <span class=sf-dump-const>false</span>
  #<span class=sf-dump-protected title=\"Protected property\">constructedObjectId</span>: \"<span class=sf-dump-str title=\"32 characters\">00000000000001320000000000000000</span>\"
  #<span class=sf-dump-protected title=\"Protected property\">localMonthsOverflow</span>: <span class=sf-dump-const>null</span>
  #<span class=sf-dump-protected title=\"Protected property\">localYearsOverflow</span>: <span class=sf-dump-const>null</span>
  #<span class=sf-dump-protected title=\"Protected property\">localStrictModeEnabled</span>: <span class=sf-dump-const>null</span>
  #<span class=sf-dump-protected title=\"Protected property\">localHumanDiffOptions</span>: <span class=sf-dump-const>null</span>
  #<span class=sf-dump-protected title=\"Protected property\">localToStringFormat</span>: <span class=sf-dump-const>null</span>
  #<span class=sf-dump-protected title=\"Protected property\">localSerializer</span>: <span class=sf-dump-const>null</span>
  #<span class=sf-dump-protected title=\"Protected property\">localMacros</span>: <span class=sf-dump-const>null</span>
  #<span class=sf-dump-protected title=\"Protected property\">localGenericMacros</span>: <span class=sf-dump-const>null</span>
  #<span class=sf-dump-protected title=\"Protected property\">localFormatFunction</span>: <span class=sf-dump-const>null</span>
  #<span class=sf-dump-protected title=\"Protected property\">localTranslator</span>: <span class=sf-dump-const>null</span>
  #<span class=sf-dump-protected title=\"Protected property\">dumpProperties</span>: <span class=sf-dump-note>array:3</span> [<samp data-depth=2 class=sf-dump-compact>
    <span class=sf-dump-index>0</span> => \"<span class=sf-dump-str title=\"4 characters\">date</span>\"
    <span class=sf-dump-index>1</span> => \"<span class=sf-dump-str title=\"13 characters\">timezone_type</span>\"
    <span class=sf-dump-index>2</span> => \"<span class=sf-dump-str title=\"8 characters\">timezone</span>\"
  </samp>]
  #<span class=sf-dump-protected title=\"Protected property\">dumpLocale</span>: <span class=sf-dump-const>null</span>
  #<span class=sf-dump-protected title=\"Protected property\">dumpDateProperties</span>: <span class=sf-dump-const>null</span>
  <span class=sf-dump-meta>date</span>: <span class=sf-dump-const title=\"Tuesday, February 24, 2026
+ 07:28:18.553934 from now
DST Off\">2026-02-24 23:59:59.999999 Europe/London (+00:00)</span>
</samp>}
</pre><script>Sfdump(\"sf-dump-245867416\", {\"maxDepth\":3,\"maxStringLength\":160})</script>
","isAdmin":"<pre class=sf-dump id=sf-dump-1807715798 data-indent-pad=\"  \"><span class=sf-dump-const>false</span>
</pre><script>Sfdump(\"sf-dump-1807715798\", {\"maxDepth\":3,\"maxStringLength\":160})</script>
","cacheTtl":"<pre class=sf-dump id=sf-dump-1448580210 data-indent-pad=\"  \"><span class=sf-dump-num>300</span>
</pre><script>Sfdump(\"sf-dump-1448580210\", {\"maxDepth\":3,\"maxStringLength\":160})</script>
","error":"<pre class=sf-dump id=sf-dump-1732573207 data-indent-pad=\"  \"><span class=sf-dump-const>null</span>
</pre><script>Sfdump(\"sf-dump-1732573207\", {\"maxDepth\":3,\"maxStringLength\":160})</script>
","maskNumbers":"<pre class=sf-dump id=sf-dump-1919125498 data-indent-pad=\"  \"><span class=sf-dump-const>false</span>
</pre><script>Sfdump(\"sf-dump-1919125498\", {\"maxDepth\":3,\"maxStringLength\":160})</script>
","viewingUser":"<pre class=sf-dump id=sf-dump-1389553352 data-indent-pad=\"  \"><span class=sf-dump-note>App\\Models\\User</span> {<a class=sf-dump-ref>#648</a><samp data-depth=1 class=sf-dump-expanded>
  #<span class=sf-dump-protected title=\"Protected property\">connection</span>: \"<span class=sf-dump-str title=\"5 characters\">mysql</span>\"
  #<span class=sf-dump-protected title=\"Protected property\">table</span>: \"<span class=sf-dump-str title=\"5 characters\">users</span>\"
  #<span class=sf-dump-protected title=\"Protected property\">primaryKey</span>: \"<span class=sf-dump-str title=\"2 characters\">id</span>\"
  #<span class=sf-dump-protected title=\"Protected property\">keyType</span>: \"<span class=sf-dump-str title=\"3 characters\">int</span>\"
  +<span class=sf-dump-public title=\"Public property\">incrementing</span>: <span class=sf-dump-const>true</span>
  #<span class=sf-dump-protected title=\"Protected property\">with</span>: []
  #<span class=sf-dump-protected title=\"Protected property\">withCount</span>: []
  +<span class=sf-dump-public title=\"Public property\">preventsLazyLoading</span>: <span class=sf-dump-const>false</span>
  #<span class=sf-dump-protected title=\"Protected property\">perPage</span>: <span class=sf-dump-num>15</span>
  +<span class=sf-dump-public title=\"Public property\">exists</span>: <span class=sf-dump-const>true</span>
  +<span class=sf-dump-public title=\"Public property\">wasRecentlyCreated</span>: <span class=sf-dump-const>false</span>
  #<span class=sf-dump-protected title=\"Protected property\">escapeWhenCastingToString</span>: <span class=sf-dump-const>false</span>
  #<span class=sf-dump-protected title=\"Protected property\">attributes</span>: <span class=sf-dump-note>array:12</span> [<samp data-depth=2 class=sf-dump-compact>
    \"<span class=sf-dump-key>id</span>\" => <span class=sf-dump-num>12</span>
    \"<span class=sf-dump-key>name</span>\" => \"<span class=sf-dump-str title=\"15 characters\">Simon Nyamhunga</span>\"
    \"<span class=sf-dump-key>email</span>\" => \"<span class=sf-dump-str title=\"26 characters\">Simon@collectsameday.co.uk</span>\"
    \"<span class=sf-dump-key>role</span>\" => \"<span class=sf-dump-str title=\"5 characters\">staff</span>\"
    \"<span class=sf-dump-key>hide_from_dashboard</span>\" => <span class=sf-dump-num>0</span>
    \"<span class=sf-dump-key>email_verified_at</span>\" => <span class=sf-dump-const>null</span>
    \"<span class=sf-dump-key>password</span>\" => \"<span class=sf-dump-str title=\"60 characters\">$2y$12$UYBjQwkRoYhqicB/4a8FxexSDl50ZHUcc.ngcZFJABNq2XK65eq2O</span>\"
    \"<span class=sf-dump-key>remember_token</span>\" => \"<span class=sf-dump-str title=\"60 characters\">OddEfzBkKtRjZGruLuTqtSL8fSUHjX36ZS6CAhsmDBaSIXmf6wOiZ1eJMKIz</span>\"
    \"<span class=sf-dump-key>created_at</span>\" => \"<span class=sf-dump-str title=\"19 characters\">2025-09-04 14:17:48</span>\"
    \"<span class=sf-dump-key>updated_at</span>\" => \"<span class=sf-dump-str title=\"19 characters\">2026-02-05 15:23:52</span>\"
    \"<span class=sf-dump-key>google2fa_secret</span>\" => \"<span class=sf-dump-str title=\"16 characters\">J5EGWB6H7GFHMA5B</span>\"
    \"<span class=sf-dump-key>google2fa_enabled</span>\" => <span class=sf-dump-num>0</span>
  </samp>]
  #<span class=sf-dump-protected title=\"Protected property\">original</span>: <span class=sf-dump-note>array:12</span> [<samp data-depth=2 class=sf-dump-compact>
    \"<span class=sf-dump-key>id</span>\" => <span class=sf-dump-num>12</span>
    \"<span class=sf-dump-key>name</span>\" => \"<span class=sf-dump-str title=\"15 characters\">Simon Nyamhunga</span>\"
    \"<span class=sf-dump-key>email</span>\" => \"<span class=sf-dump-str title=\"26 characters\">Simon@collectsameday.co.uk</span>\"
    \"<span class=sf-dump-key>role</span>\" => \"<span class=sf-dump-str title=\"5 characters\">staff</span>\"
    \"<span class=sf-dump-key>hide_from_dashboard</span>\" => <span class=sf-dump-num>0</span>
    \"<span class=sf-dump-key>email_verified_at</span>\" => <span class=sf-dump-const>null</span>
    \"<span class=sf-dump-key>password</span>\" => \"<span class=sf-dump-str title=\"60 characters\">$2y$12$UYBjQwkRoYhqicB/4a8FxexSDl50ZHUcc.ngcZFJABNq2XK65eq2O</span>\"
    \"<span class=sf-dump-key>remember_token</span>\" => \"<span class=sf-dump-str title=\"60 characters\">OddEfzBkKtRjZGruLuTqtSL8fSUHjX36ZS6CAhsmDBaSIXmf6wOiZ1eJMKIz</span>\"
    \"<span class=sf-dump-key>created_at</span>\" => \"<span class=sf-dump-str title=\"19 characters\">2025-09-04 14:17:48</span>\"
    \"<span class=sf-dump-key>updated_at</span>\" => \"<span class=sf-dump-str title=\"19 characters\">2026-02-05 15:23:52</span>\"
    \"<span class=sf-dump-key>google2fa_secret</span>\" => \"<span class=sf-dump-str title=\"16 characters\">J5EGWB6H7GFHMA5B</span>\"
    \"<span class=sf-dump-key>google2fa_enabled</span>\" => <span class=sf-dump-num>0</span>
  </samp>]
  #<span class=sf-dump-protected title=\"Protected property\">changes</span>: []
  #<span class=sf-dump-protected title=\"Protected property\">casts</span>: <span class=sf-dump-note>array:4</span> [<samp data-depth=2 class=sf-dump-compact>
    \"<span class=sf-dump-key>email_verified_at</span>\" => \"<span class=sf-dump-str title=\"8 characters\">datetime</span>\"
    \"<span class=sf-dump-key>password</span>\" => \"<span class=sf-dump-str title=\"6 characters\">hashed</span>\"
    \"<span class=sf-dump-key>google2fa_enabled</span>\" => \"<span class=sf-dump-str title=\"7 characters\">boolean</span>\"
    \"<span class=sf-dump-key>hide_from_dashboard</span>\" => \"<span class=sf-dump-str title=\"7 characters\">boolean</span>\"
  </samp>]
  #<span class=sf-dump-protected title=\"Protected property\">classCastCache</span>: []
  #<span class=sf-dump-protected title=\"Protected property\">attributeCastCache</span>: []
  #<span class=sf-dump-protected title=\"Protected property\">dateFormat</span>: <span class=sf-dump-const>null</span>
  #<span class=sf-dump-protected title=\"Protected property\">appends</span>: []
  #<span class=sf-dump-protected title=\"Protected property\">dispatchesEvents</span>: []
  #<span class=sf-dump-protected title=\"Protected property\">observables</span>: []
  #<span class=sf-dump-protected title=\"Protected property\">relations</span>: []
  #<span class=sf-dump-protected title=\"Protected property\">touches</span>: []
  +<span class=sf-dump-public title=\"Public property\">timestamps</span>: <span class=sf-dump-const>true</span>
  +<span class=sf-dump-public title=\"Public property\">usesUniqueIds</span>: <span class=sf-dump-const>false</span>
  #<span class=sf-dump-protected title=\"Protected property\">hidden</span>: <span class=sf-dump-note>array:3</span> [<samp data-depth=2 class=sf-dump-compact>
    <span class=sf-dump-index>0</span> => \"<span class=sf-dump-str title=\"8 characters\">password</span>\"
    <span class=sf-dump-index>1</span> => \"<span class=sf-dump-str title=\"14 characters\">remember_token</span>\"
    <span class=sf-dump-index>2</span> => \"<span class=sf-dump-str title=\"16 characters\">google2fa_secret</span>\"
  </samp>]
  #<span class=sf-dump-protected title=\"Protected property\">visible</span>: []
  #<span class=sf-dump-protected title=\"Protected property\">fillable</span>: <span class=sf-dump-note>array:7</span> [<samp data-depth=2 class=sf-dump-compact>
    <span class=sf-dump-index>0</span> => \"<span class=sf-dump-str title=\"4 characters\">name</span>\"
    <span class=sf-dump-index>1</span> => \"<span class=sf-dump-str title=\"5 characters\">email</span>\"
    <span class=sf-dump-index>2</span> => \"<span class=sf-dump-str title=\"8 characters\">password</span>\"
    <span class=sf-dump-index>3</span> => \"<span class=sf-dump-str title=\"4 characters\">role</span>\"
    <span class=sf-dump-index>4</span> => \"<span class=sf-dump-str title=\"19 characters\">hide_from_dashboard</span>\"
    <span class=sf-dump-index>5</span> => \"<span class=sf-dump-str title=\"16 characters\">google2fa_secret</span>\"
    <span class=sf-dump-index>6</span> => \"<span class=sf-dump-str title=\"17 characters\">google2fa_enabled</span>\"
  </samp>]
  #<span class=sf-dump-protected title=\"Protected property\">guarded</span>: <span class=sf-dump-note>array:1</span> [<samp data-depth=2 class=sf-dump-compact>
    <span class=sf-dump-index>0</span> => \"<span class=sf-dump-str>*</span>\"
  </samp>]
  #<span class=sf-dump-protected title=\"Protected property\">rememberTokenName</span>: \"<span class=sf-dump-str title=\"14 characters\">remember_token</span>\"
  #<span class=sf-dump-protected title=\"Protected property\">accessToken</span>: <span class=sf-dump-const>null</span>
</samp>}
</pre><script>Sfdump(\"sf-dump-1389553352\", {\"maxDepth\":3,\"maxStringLength\":160})</script>
","viewingOtherUser":"<pre class=sf-dump id=sf-dump-849290236 data-indent-pad=\"  \"><span class=sf-dump-const>false</span>
</pre><script>Sfdump(\"sf-dump-849290236\", {\"maxDepth\":3,\"maxStringLength\":160})</script>
"}},"userId":12,"exception":"[object] (Spatie\\LaravelIgnition\\Exceptions\\ViewException(code: 0): Route [staff.sales-dashboard.index] not defined. at C:\\wamp64\\www\\crm-assistant\\vendor\\laravel\\framework\\src\\Illuminate\\Routing\\UrlGenerator.php:477)
[stacktrace]
#0 C:\\wamp64\\www\\crm-assistant\\vendor\\laravel\\framework\\src\\Illuminate\\Foundation\\helpers.php(811): Illuminate\\Routing\\UrlGenerator->route('staff.sales-das...', Array, true)
#1 C:\\wamp64\\www\\crm-assistant\\resources\\views\\staff\\dashboard\\index.blade.php(1000): route('staff.sales-das...')
#2 C:\\wamp64\\www\\crm-assistant\\vendor\\laravel\\framework\\src\\Illuminate\\Filesystem\\Filesystem.php(123): require('C:\\\\wamp64\\\\www\\\\c...')
#3 C:\\wamp64\\www\\crm-assistant\\vendor\\laravel\\framework\\src\\Illuminate\\Filesystem\\Filesystem.php(124): Illuminate\\Filesystem\\Filesystem::Illuminate\\Filesystem\\{closure}()
#4 C:\\wamp64\\www\\crm-assistant\\vendor\\laravel\\framework\\src\\Illuminate\\View\\Engines\\PhpEngine.php(58): Illuminate\\Filesystem\\Filesystem->getRequire('C:\\\\wamp64\\\\www\\\\c...', Array)
#5 C:\\wamp64\\www\\crm-assistant\\vendor\\laravel\\framework\\src\\Illuminate\\View\\Engines\\CompilerEngine.php(72): Illuminate\\View\\Engines\\PhpEngine->evaluatePath('C:\\\\wamp64\\\\www\\\\c...', Array)
#6 C:\\wamp64\\www\\crm-assistant\\vendor\\laravel\\framework\\src\\Illuminate\\View\\View.php(207): Illuminate\\View\\Engines\\CompilerEngine->get('C:\\\\wamp64\\\\www\\\\c...', Array)
#7 C:\\wamp64\\www\\crm-assistant\\vendor\\laravel\\framework\\src\\Illuminate\\View\\View.php(190): Illuminate\\View\\View->getContents()
#8 C:\\wamp64\\www\\crm-assistant\\vendor\\laravel\\framework\\src\\Illuminate\\View\\View.php(159): Illuminate\\View\\View->renderContents()
#9 C:\\wamp64\\www\\crm-assistant\\vendor\\laravel\\framework\\src\\Illuminate\\Http\\Response.php(69): Illuminate\\View\\View->render()
#10 C:\\wamp64\\www\\crm-assistant\\vendor\\laravel\\framework\\src\\Illuminate\\Http\\Response.php(35): Illuminate\\Http\\Response->setContent(Object(Illuminate\\View\\View))
#11 C:\\wamp64\\www\\crm-assistant\\vendor\\laravel\\framework\\src\\Illuminate\\Routing\\Router.php(918): Illuminate\\Http\\Response->__construct(Object(Illuminate\\View\\View), 200, Array)
#12 C:\\wamp64\\www\\crm-assistant\\vendor\\laravel\\framework\\src\\Illuminate\\Routing\\Router.php(885): Illuminate\\Routing\\Router::toResponse(Object(Illuminate\\Http\\Request), Object(Illuminate\\View\\View))
#13 C:\\wamp64\\www\\crm-assistant\\vendor\\laravel\\framework\\src\\Illuminate\\Routing\\Router.php(806): Illuminate\\Routing\\Router->prepareResponse(Object(Illuminate\\Http\\Request), Object(Illuminate\\View\\View))
#14 C:\\wamp64\\www\\crm-assistant\\vendor\\laravel\\framework\\src\\Illuminate\\Pipeline\\Pipeline.php(144): Illuminate\\Routing\\Router->Illuminate\\Routing\\{closure}(Object(Illuminate\\Http\\Request))
#15 C:\\wamp64\\www\\crm-assistant\\app\\Http\\Middleware\\IpWhitelistMiddleware.php(27): Illuminate\\Pipeline\\Pipeline->Illuminate\\Pipeline\\{closure}(Object(Illuminate\\Http\\Request))
#16 C:\\wamp64\\www\\crm-assistant\\vendor\\laravel\\framework\\src\\Illuminate\\Pipeline\\Pipeline.php(183): App\\Http\\Middleware\\IpWhitelistMiddleware->handle(Object(Illuminate\\Http\\Request), Object(Closure))
#17 C:\\wamp64\\www\\crm-assistant\\app\\Http\\Middleware\\Ensure2FA.php(28): Illuminate\\Pipeline\\Pipeline->Illuminate\\Pipeline\\{closure}(Object(Illuminate\\Http\\Request))
#18 C:\\wamp64\\www\\crm-assistant\\vendor\\laravel\\framework\\src\\Illuminate\\Pipeline\\Pipeline.php(183): App\\Http\\Middleware\\Ensure2FA->handle(Object(Illuminate\\Http\\Request), Object(Closure))
#19 C:\\wamp64\\www\\crm-assistant\\vendor\\laravel\\framework\\src\\Illuminate\\Routing\\Middleware\\SubstituteBindings.php(50): Illuminate\\Pipeline\\Pipeline->Illuminate\\Pipeline\\{closure}(Object(Illuminate\\Http\\Request))
#20 C:\\wamp64\\www\\crm-assistant\\vendor\\laravel\\framework\\src\\Illuminate\\Pipeline\\Pipeline.php(183): Illuminate\\Routing\\Middleware\\SubstituteBindings->handle(Object(Illuminate\\Http\\Request), Object(Closure))
#21 C:\\wamp64\\www\\crm-assistant\\vendor\\laravel\\framework\\src\\Illuminate\\Auth\\Middleware\\Authenticate.php(57): Illuminate\\Pipeline\\Pipeline->Illuminate\\Pipeline\\{closure}(Object(Illuminate\\Http\\Request))
#22 C:\\wamp64\\www\\crm-assistant\\vendor\\laravel\\framework\\src\\Illuminate\\Pipeline\\Pipeline.php(183): Illuminate\\Auth\\Middleware\\Authenticate->handle(Object(Illuminate\\Http\\Request), Object(Closure))
#23 C:\\wamp64\\www\\crm-assistant\\vendor\\laravel\\framework\\src\\Illuminate\\Foundation\\Http\\Middleware\\VerifyCsrfToken.php(78): Illuminate\\Pipeline\\Pipeline->Illuminate\\Pipeline\\{closure}(Object(Illuminate\\Http\\Request))
#24 C:\\wamp64\\www\\crm-assistant\\vendor\\laravel\\framework\\src\\Illuminate\\Pipeline\\Pipeline.php(183): Illuminate\\Foundation\\Http\\Middleware\\VerifyCsrfToken->handle(Object(Illuminate\\Http\\Request), Object(Closure))
#25 C:\\wamp64\\www\\crm-assistant\\vendor\\laravel\\framework\\src\\Illuminate\\View\\Middleware\\ShareErrorsFromSession.php(49): Illuminate\\Pipeline\\Pipeline->Illuminate\\Pipeline\\{closure}(Object(Illuminate\\Http\\Request))
#26 C:\\wamp64\\www\\crm-assistant\\vendor\\laravel\\framework\\src\\Illuminate\\Pipeline\\Pipeline.php(183): Illuminate\\View\\Middleware\\ShareErrorsFromSession->handle(Object(Illuminate\\Http\\Request), Object(Closure))
#27 C:\\wamp64\\www\\crm-assistant\\vendor\\laravel\\framework\\src\\Illuminate\\Session\\Middleware\\StartSession.php(121): Illuminate\\Pipeline\\Pipeline->Illuminate\\Pipeline\\{closure}(Object(Illuminate\\Http\\Request))
#28 C:\\wamp64\\www\\crm-assistant\\vendor\\laravel\\framework\\src\\Illuminate\\Session\\Middleware\\StartSession.php(64): Illuminate\\Session\\Middleware\\StartSession->handleStatefulRequest(Object(Illuminate\\Http\\Request), Object(Illuminate\\Session\\Store), Object(Closure))
#29 C:\\wamp64\\www\\crm-assistant\\vendor\\laravel\\framework\\src\\Illuminate\\Pipeline\\Pipeline.php(183): Illuminate\\Session\\Middleware\\StartSession->handle(Object(Illuminate\\Http\\Request), Object(Closure))
#30 C:\\wamp64\\www\\crm-assistant\\vendor\\laravel\\framework\\src\\Illuminate\\Cookie\\Middleware\\AddQueuedCookiesToResponse.php(37): Illuminate\\Pipeline\\Pipeline->Illuminate\\Pipeline\\{closure}(Object(Illuminate\\Http\\Request))
#31 C:\\wamp64\\www\\crm-assistant\\vendor\\laravel\\framework\\src\\Illuminate\\Pipeline\\Pipeline.php(183): Illuminate\\Cookie\\Middleware\\AddQueuedCookiesToResponse->handle(Object(Illuminate\\Http\\Request), Object(Closure))
#32 C:\\wamp64\\www\\crm-assistant\\vendor\\laravel\\framework\\src\\Illuminate\\Cookie\\Middleware\\EncryptCookies.php(67): Illuminate\\Pipeline\\Pipeline->Illuminate\\Pipeline\\{closure}(Object(Illuminate\\Http\\Request))
#33 C:\\wamp64\\www\\crm-assistant\\vendor\\laravel\\framework\\src\\Illuminate\\Pipeline\\Pipeline.php(183): Illuminate\\Cookie\\Middleware\\EncryptCookies->handle(Object(Illuminate\\Http\\Request), Object(Closure))
#34 C:\\wamp64\\www\\crm-assistant\\vendor\\laravel\\framework\\src\\Illuminate\\Pipeline\\Pipeline.php(119): Illuminate\\Pipeline\\Pipeline->Illuminate\\Pipeline\\{closure}(Object(Illuminate\\Http\\Request))
#35 C:\\wamp64\\www\\crm-assistant\\vendor\\laravel\\framework\\src\\Illuminate\\Routing\\Router.php(807): Illuminate\\Pipeline\\Pipeline->then(Object(Closure))
#36 C:\\wamp64\\www\\crm-assistant\\vendor\\laravel\\framework\\src\\Illuminate\\Routing\\Router.php(784): Illuminate\\Routing\\Router->runRouteWithinStack(Object(Illuminate\\Routing\\Route), Object(Illuminate\\Http\\Request))
#37 C:\\wamp64\\www\\crm-assistant\\vendor\\laravel\\framework\\src\\Illuminate\\Routing\\Router.php(748): Illuminate\\Routing\\Router->runRoute(Object(Illuminate\\Http\\Request), Object(Illuminate\\Routing\\Route))
#38 C:\\wamp64\\www\\crm-assistant\\vendor\\laravel\\framework\\src\\Illuminate\\Routing\\Router.php(737): Illuminate\\Routing\\Router->dispatchToRoute(Object(Illuminate\\Http\\Request))
#39 C:\\wamp64\\www\\crm-assistant\\vendor\\laravel\\framework\\src\\Illuminate\\Foundation\\Http\\Kernel.php(200): Illuminate\\Routing\\Router->dispatch(Object(Illuminate\\Http\\Request))
#40 C:\\wamp64\\www\\crm-assistant\\vendor\\laravel\\framework\\src\\Illuminate\\Pipeline\\Pipeline.php(144): Illuminate\\Foundation\\Http\\Kernel->Illuminate\\Foundation\\Http\\{closure}(Object(Illuminate\\Http\\Request))
#41 C:\\wamp64\\www\\crm-assistant\\vendor\\laravel\\framework\\src\\Illuminate\\Foundation\\Http\\Middleware\\TransformsRequest.php(21): Illuminate\\Pipeline\\Pipeline->Illuminate\\Pipeline\\{closure}(Object(Illuminate\\Http\\Request))
#42 C:\\wamp64\\www\\crm-assistant\\vendor\\laravel\\framework\\src\\Illuminate\\Foundation\\Http\\Middleware\\ConvertEmptyStringsToNull.php(31): Illuminate\\Foundation\\Http\\Middleware\\TransformsRequest->handle(Object(Illuminate\\Http\\Request), Object(Closure))
#43 C:\\wamp64\\www\\crm-assistant\\vendor\\laravel\\framework\\src\\Illuminate\\Pipeline\\Pipeline.php(183): Illuminate\\Foundation\\Http\\Middleware\\ConvertEmptyStringsToNull->handle(Object(Illuminate\\Http\\Request), Object(Closure))
#44 C:\\wamp64\\www\\crm-assistant\\vendor\\laravel\\framework\\src\\Illuminate\\Foundation\\Http\\Middleware\\TransformsRequest.php(21): Illuminate\\Pipeline\\Pipeline->Illuminate\\Pipeline\\{closure}(Object(Illuminate\\Http\\Request))
#45 C:\\wamp64\\www\\crm-assistant\\vendor\\laravel\\framework\\src\\Illuminate\\Foundation\\Http\\Middleware\\TrimStrings.php(40): Illuminate\\Foundation\\Http\\Middleware\\TransformsRequest->handle(Object(Illuminate\\Http\\Request), Object(Closure))
#46 C:\\wamp64\\www\\crm-assistant\\vendor\\laravel\\framework\\src\\Illuminate\\Pipeline\\Pipeline.php(183): Illuminate\\Foundation\\Http\\Middleware\\TrimStrings->handle(Object(Illuminate\\Http\\Request), Object(Closure))
#47 C:\\wamp64\\www\\crm-assistant\\vendor\\laravel\\framework\\src\\Illuminate\\Foundation\\Http\\Middleware\\ValidatePostSize.php(27): Illuminate\\Pipeline\\Pipeline->Illuminate\\Pipeline\\{closure}(Object(Illuminate\\Http\\Request))
#48 C:\\wamp64\\www\\crm-assistant\\vendor\\laravel\\framework\\src\\Illuminate\\Pipeline\\Pipeline.php(183): Illuminate\\Foundation\\Http\\Middleware\\ValidatePostSize->handle(Object(Illuminate\\Http\\Request), Object(Closure))
#49 C:\\wamp64\\www\\crm-assistant\\vendor\\laravel\\framework\\src\\Illuminate\\Foundation\\Http\\Middleware\\PreventRequestsDuringMaintenance.php(99): Illuminate\\Pipeline\\Pipeline->Illuminate\\Pipeline\\{closure}(Object(Illuminate\\Http\\Request))
#50 C:\\wamp64\\www\\crm-assistant\\vendor\\laravel\\framework\\src\\Illuminate\\Pipeline\\Pipeline.php(183): Illuminate\\Foundation\\Http\\Middleware\\PreventRequestsDuringMaintenance->handle(Object(Illuminate\\Http\\Request), Object(Closure))
#51 C:\\wamp64\\www\\crm-assistant\\vendor\\laravel\\framework\\src\\Illuminate\\Http\\Middleware\\HandleCors.php(49): Illuminate\\Pipeline\\Pipeline->Illuminate\\Pipeline\\{closure}(Object(Illuminate\\Http\\Request))
#52 C:\\wamp64\\www\\crm-assistant\\vendor\\laravel\\framework\\src\\Illuminate\\Pipeline\\Pipeline.php(183): Illuminate\\Http\\Middleware\\HandleCors->handle(Object(Illuminate\\Http\\Request), Object(Closure))
#53 C:\\wamp64\\www\\crm-assistant\\vendor\\laravel\\framework\\src\\Illuminate\\Http\\Middleware\\TrustProxies.php(39): Illuminate\\Pipeline\\Pipeline->Illuminate\\Pipeline\\{closure}(Object(Illuminate\\Http\\Request))
#54 C:\\wamp64\\www\\crm-assistant\\vendor\\laravel\\framework\\src\\Illuminate\\Pipeline\\Pipeline.php(183): Illuminate\\Http\\Middleware\\TrustProxies->handle(Object(Illuminate\\Http\\Request), Object(Closure))
#55 C:\\wamp64\\www\\crm-assistant\\vendor\\laravel\\framework\\src\\Illuminate\\Pipeline\\Pipeline.php(119): Illuminate\\Pipeline\\Pipeline->Illuminate\\Pipeline\\{closure}(Object(Illuminate\\Http\\Request))
#56 C:\\wamp64\\www\\crm-assistant\\vendor\\laravel\\framework\\src\\Illuminate\\Foundation\\Http\\Kernel.php(175): Illuminate\\Pipeline\\Pipeline->then(Object(Closure))
#57 C:\\wamp64\\www\\crm-assistant\\vendor\\laravel\\framework\\src\\Illuminate\\Foundation\\Http\\Kernel.php(144): Illuminate\\Foundation\\Http\\Kernel->sendRequestThroughRouter(Object(Illuminate\\Http\\Request))
#58 C:\\wamp64\\www\\crm-assistant\\public\\index.php(52): Illuminate\\Foundation\\Http\\Kernel->handle(Object(Illuminate\\Http\\Request))
#59 C:\\wamp64\\www\\crm-assistant\\vendor\\laravel\\framework\\src\\Illuminate\\Foundation\\resources\\server.php(16): require_once('C:\\\\wamp64\\\\www\\\\c...')
#60 {main}

[previous exception] [object] (Symfony\\Component\\Routing\\Exception\\RouteNotFoundException(code: 0): Route [staff.sales-dashboard.index] not defined. at C:\\wamp64\\www\\crm-assistant\\vendor\\laravel\\framework\\src\\Illuminate\\Routing\\UrlGenerator.php:477)
[stacktrace]
#0 C:\\wamp64\\www\\crm-assistant\\vendor\\laravel\\framework\\src\\Illuminate\\Foundation\\helpers.php(811): Illuminate\\Routing\\UrlGenerator->route('staff.sales-das...', Array, true)
#1 C:\\wamp64\\www\\crm-assistant\\storage\\framework\\views\\0bb328cc6f53adf0077a26d4bbb55e99.php(1013): route('staff.sales-das...')
#2 C:\\wamp64\\www\\crm-assistant\\vendor\\laravel\\framework\\src\\Illuminate\\Filesystem\\Filesystem.php(123): require('C:\\\\wamp64\\\\www\\\\c...')
#3 C:\\wamp64\\www\\crm-assistant\\vendor\\laravel\\framework\\src\\Illuminate\\Filesystem\\Filesystem.php(124): Illuminate\\Filesystem\\Filesystem::Illuminate\\Filesystem\\{closure}()
#4 C:\\wamp64\\www\\crm-assistant\\vendor\\laravel\\framework\\src\\Illuminate\\View\\Engines\\PhpEngine.php(58): Illuminate\\Filesystem\\Filesystem->getRequire('C:\\\\wamp64\\\\www\\\\c...', Array)
#5 C:\\wamp64\\www\\crm-assistant\\vendor\\laravel\\framework\\src\\Illuminate\\View\\Engines\\CompilerEngine.php(72): Illuminate\\View\\Engines\\PhpEngine->evaluatePath('C:\\\\wamp64\\\\www\\\\c...', Array)
#6 C:\\wamp64\\www\\crm-assistant\\vendor\\laravel\\framework\\src\\Illuminate\\View\\View.php(207): Illuminate\\View\\Engines\\CompilerEngine->get('C:\\\\wamp64\\\\www\\\\c...', Array)
#7 C:\\wamp64\\www\\crm-assistant\\vendor\\laravel\\framework\\src\\Illuminate\\View\\View.php(190): Illuminate\\View\\View->getContents()
#8 C:\\wamp64\\www\\crm-assistant\\vendor\\laravel\\framework\\src\\Illuminate\\View\\View.php(159): Illuminate\\View\\View->renderContents()
#9 C:\\wamp64\\www\\crm-assistant\\vendor\\laravel\\framework\\src\\Illuminate\\Http\\Response.php(69): Illuminate\\View\\View->render()
#10 C:\\wamp64\\www\\crm-assistant\\vendor\\laravel\\framework\\src\\Illuminate\\Http\\Response.php(35): Illuminate\\Http\\Response->setContent(Object(Illuminate\\View\\View))
#11 C:\\wamp64\\www\\crm-assistant\\vendor\\laravel\\framework\\src\\Illuminate\\Routing\\Router.php(918): Illuminate\\Http\\Response->__construct(Object(Illuminate\\View\\View), 200, Array)
#12 C:\\wamp64\\www\\crm-assistant\\vendor\\laravel\\framework\\src\\Illuminate\\Routing\\Router.php(885): Illuminate\\Routing\\Router::toResponse(Object(Illuminate\\Http\\Request), Object(Illuminate\\View\\View))
#13 C:\\wamp64\\www\\crm-assistant\\vendor\\laravel\\framework\\src\\Illuminate\\Routing\\Router.php(806): Illuminate\\Routing\\Router->prepareResponse(Object(Illuminate\\Http\\Request), Object(Illuminate\\View\\View))
#14 C:\\wamp64\\www\\crm-assistant\\vendor\\laravel\\framework\\src\\Illuminate\\Pipeline\\Pipeline.php(144): Illuminate\\Routing\\Router->Illuminate\\Routing\\{closure}(Object(Illuminate\\Http\\Request))
#15 C:\\wamp64\\www\\crm-assistant\\app\\Http\\Middleware\\IpWhitelistMiddleware.php(27): Illuminate\\Pipeline\\Pipeline->Illuminate\\Pipeline\\{closure}(Object(Illuminate\\Http\\Request))
#16 C:\\wamp64\\www\\crm-assistant\\vendor\\laravel\\framework\\src\\Illuminate\\Pipeline\\Pipeline.php(183): App\\Http\\Middleware\\IpWhitelistMiddleware->handle(Object(Illuminate\\Http\\Request), Object(Closure))
#17 C:\\wamp64\\www\\crm-assistant\\app\\Http\\Middleware\\Ensure2FA.php(28): Illuminate\\Pipeline\\Pipeline->Illuminate\\Pipeline\\{closure}(Object(Illuminate\\Http\\Request))
#18 C:\\wamp64\\www\\crm-assistant\\vendor\\laravel\\framework\\src\\Illuminate\\Pipeline\\Pipeline.php(183): App\\Http\\Middleware\\Ensure2FA->handle(Object(Illuminate\\Http\\Request), Object(Closure))
#19 C:\\wamp64\\www\\crm-assistant\\vendor\\laravel\\framework\\src\\Illuminate\\Routing\\Middleware\\SubstituteBindings.php(50): Illuminate\\Pipeline\\Pipeline->Illuminate\\Pipeline\\{closure}(Object(Illuminate\\Http\\Request))
#20 C:\\wamp64\\www\\crm-assistant\\vendor\\laravel\\framework\\src\\Illuminate\\Pipeline\\Pipeline.php(183): Illuminate\\Routing\\Middleware\\SubstituteBindings->handle(Object(Illuminate\\Http\\Request), Object(Closure))
#21 C:\\wamp64\\www\\crm-assistant\\vendor\\laravel\\framework\\src\\Illuminate\\Auth\\Middleware\\Authenticate.php(57): Illuminate\\Pipeline\\Pipeline->Illuminate\\Pipeline\\{closure}(Object(Illuminate\\Http\\Request))
#22 C:\\wamp64\\www\\crm-assistant\\vendor\\laravel\\framework\\src\\Illuminate\\Pipeline\\Pipeline.php(183): Illuminate\\Auth\\Middleware\\Authenticate->handle(Object(Illuminate\\Http\\Request), Object(Closure))
#23 C:\\wamp64\\www\\crm-assistant\\vendor\\laravel\\framework\\src\\Illuminate\\Foundation\\Http\\Middleware\\VerifyCsrfToken.php(78): Illuminate\\Pipeline\\Pipeline->Illuminate\\Pipeline\\{closure}(Object(Illuminate\\Http\\Request))
#24 C:\\wamp64\\www\\crm-assistant\\vendor\\laravel\\framework\\src\\Illuminate\\Pipeline\\Pipeline.php(183): Illuminate\\Foundation\\Http\\Middleware\\VerifyCsrfToken->handle(Object(Illuminate\\Http\\Request), Object(Closure))
#25 C:\\wamp64\\www\\crm-assistant\\vendor\\laravel\\framework\\src\\Illuminate\\View\\Middleware\\ShareErrorsFromSession.php(49): Illuminate\\Pipeline\\Pipeline->Illuminate\\Pipeline\\{closure}(Object(Illuminate\\Http\\Request))
#26 C:\\wamp64\\www\\crm-assistant\\vendor\\laravel\\framework\\src\\Illuminate\\Pipeline\\Pipeline.php(183): Illuminate\\View\\Middleware\\ShareErrorsFromSession->handle(Object(Illuminate\\Http\\Request), Object(Closure))
#27 C:\\wamp64\\www\\crm-assistant\\vendor\\laravel\\framework\\src\\Illuminate\\Session\\Middleware\\StartSession.php(121): Illuminate\\Pipeline\\Pipeline->Illuminate\\Pipeline\\{closure}(Object(Illuminate\\Http\\Request))
#28 C:\\wamp64\\www\\crm-assistant\\vendor\\laravel\\framework\\src\\Illuminate\\Session\\Middleware\\StartSession.php(64): Illuminate\\Session\\Middleware\\StartSession->handleStatefulRequest(Object(Illuminate\\Http\\Request), Object(Illuminate\\Session\\Store), Object(Closure))
#29 C:\\wamp64\\www\\crm-assistant\\vendor\\laravel\\framework\\src\\Illuminate\\Pipeline\\Pipeline.php(183): Illuminate\\Session\\Middleware\\StartSession->handle(Object(Illuminate\\Http\\Request), Object(Closure))
#30 C:\\wamp64\\www\\crm-assistant\\vendor\\laravel\\framework\\src\\Illuminate\\Cookie\\Middleware\\AddQueuedCookiesToResponse.php(37): Illuminate\\Pipeline\\Pipeline->Illuminate\\Pipeline\\{closure}(Object(Illuminate\\Http\\Request))
#31 C:\\wamp64\\www\\crm-assistant\\vendor\\laravel\\framework\\src\\Illuminate\\Pipeline\\Pipeline.php(183): Illuminate\\Cookie\\Middleware\\AddQueuedCookiesToResponse->handle(Object(Illuminate\\Http\\Request), Object(Closure))
#32 C:\\wamp64\\www\\crm-assistant\\vendor\\laravel\\framework\\src\\Illuminate\\Cookie\\Middleware\\EncryptCookies.php(67): Illuminate\\Pipeline\\Pipeline->Illuminate\\Pipeline\\{closure}(Object(Illuminate\\Http\\Request))
#33 C:\\wamp64\\www\\crm-assistant\\vendor\\laravel\\framework\\src\\Illuminate\\Pipeline\\Pipeline.php(183): Illuminate\\Cookie\\Middleware\\EncryptCookies->handle(Object(Illuminate\\Http\\Request), Object(Closure))
#34 C:\\wamp64\\www\\crm-assistant\\vendor\\laravel\\framework\\src\\Illuminate\\Pipeline\\Pipeline.php(119): Illuminate\\Pipeline\\Pipeline->Illuminate\\Pipeline\\{closure}(Object(Illuminate\\Http\\Request))
#35 C:\\wamp64\\www\\crm-assistant\\vendor\\laravel\\framework\\src\\Illuminate\\Routing\\Router.php(807): Illuminate\\Pipeline\\Pipeline->then(Object(Closure))
#36 C:\\wamp64\\www\\crm-assistant\\vendor\\laravel\\framework\\src\\Illuminate\\Routing\\Router.php(784): Illuminate\\Routing\\Router->runRouteWithinStack(Object(Illuminate\\Routing\\Route), Object(Illuminate\\Http\\Request))
#37 C:\\wamp64\\www\\crm-assistant\\vendor\\laravel\\framework\\src\\Illuminate\\Routing\\Router.php(748): Illuminate\\Routing\\Router->runRoute(Object(Illuminate\\Http\\Request), Object(Illuminate\\Routing\\Route))
#38 C:\\wamp64\\www\\crm-assistant\\vendor\\laravel\\framework\\src\\Illuminate\\Routing\\Router.php(737): Illuminate\\Routing\\Router->dispatchToRoute(Object(Illuminate\\Http\\Request))
#39 C:\\wamp64\\www\\crm-assistant\\vendor\\laravel\\framework\\src\\Illuminate\\Foundation\\Http\\Kernel.php(200): Illuminate\\Routing\\Router->dispatch(Object(Illuminate\\Http\\Request))
#40 C:\\wamp64\\www\\crm-assistant\\vendor\\laravel\\framework\\src\\Illuminate\\Pipeline\\Pipeline.php(144): Illuminate\\Foundation\\Http\\Kernel->Illuminate\\Foundation\\Http\\{closure}(Object(Illuminate\\Http\\Request))
#41 C:\\wamp64\\www\\crm-assistant\\vendor\\laravel\\framework\\src\\Illuminate\\Foundation\\Http\\Middleware\\TransformsRequest.php(21): Illuminate\\Pipeline\\Pipeline->Illuminate\\Pipeline\\{closure}(Object(Illuminate\\Http\\Request))
#42 C:\\wamp64\\www\\crm-assistant\\vendor\\laravel\\framework\\src\\Illuminate\\Foundation\\Http\\Middleware\\ConvertEmptyStringsToNull.php(31): Illuminate\\Foundation\\Http\\Middleware\\TransformsRequest->handle(Object(Illuminate\\Http\\Request), Object(Closure))
#43 C:\\wamp64\\www\\crm-assistant\\vendor\\laravel\\framework\\src\\Illuminate\\Pipeline\\Pipeline.php(183): Illuminate\\Foundation\\Http\\Middleware\\ConvertEmptyStringsToNull->handle(Object(Illuminate\\Http\\Request), Object(Closure))
#44 C:\\wamp64\\www\\crm-assistant\\vendor\\laravel\\framework\\src\\Illuminate\\Foundation\\Http\\Middleware\\TransformsRequest.php(21): Illuminate\\Pipeline\\Pipeline->Illuminate\\Pipeline\\{closure}(Object(Illuminate\\Http\\Request))
#45 C:\\wamp64\\www\\crm-assistant\\vendor\\laravel\\framework\\src\\Illuminate\\Foundation\\Http\\Middleware\\TrimStrings.php(40): Illuminate\\Foundation\\Http\\Middleware\\TransformsRequest->handle(Object(Illuminate\\Http\\Request), Object(Closure))
#46 C:\\wamp64\\www\\crm-assistant\\vendor\\laravel\\framework\\src\\Illuminate\\Pipeline\\Pipeline.php(183): Illuminate\\Foundation\\Http\\Middleware\\TrimStrings->handle(Object(Illuminate\\Http\\Request), Object(Closure))
#47 C:\\wamp64\\www\\crm-assistant\\vendor\\laravel\\framework\\src\\Illuminate\\Foundation\\Http\\Middleware\\ValidatePostSize.php(27): Illuminate\\Pipeline\\Pipeline->Illuminate\\Pipeline\\{closure}(Object(Illuminate\\Http\\Request))
#48 C:\\wamp64\\www\\crm-assistant\\vendor\\laravel\\framework\\src\\Illuminate\\Pipeline\\Pipeline.php(183): Illuminate\\Foundation\\Http\\Middleware\\ValidatePostSize->handle(Object(Illuminate\\Http\\Request), Object(Closure))
#49 C:\\wamp64\\www\\crm-assistant\\vendor\\laravel\\framework\\src\\Illuminate\\Foundation\\Http\\Middleware\\PreventRequestsDuringMaintenance.php(99): Illuminate\\Pipeline\\Pipeline->Illuminate\\Pipeline\\{closure}(Object(Illuminate\\Http\\Request))
#50 C:\\wamp64\\www\\crm-assistant\\vendor\\laravel\\framework\\src\\Illuminate\\Pipeline\\Pipeline.php(183): Illuminate\\Foundation\\Http\\Middleware\\PreventRequestsDuringMaintenance->handle(Object(Illuminate\\Http\\Request), Object(Closure))
#51 C:\\wamp64\\www\\crm-assistant\\vendor\\laravel\\framework\\src\\Illuminate\\Http\\Middleware\\HandleCors.php(49): Illuminate\\Pipeline\\Pipeline->Illuminate\\Pipeline\\{closure}(Object(Illuminate\\Http\\Request))
#52 C:\\wamp64\\www\\crm-assistant\\vendor\\laravel\\framework\\src\\Illuminate\\Pipeline\\Pipeline.php(183): Illuminate\\Http\\Middleware\\HandleCors->handle(Object(Illuminate\\Http\\Request), Object(Closure))
#53 C:\\wamp64\\www\\crm-assistant\\vendor\\laravel\\framework\\src\\Illuminate\\Http\\Middleware\\TrustProxies.php(39): Illuminate\\Pipeline\\Pipeline->Illuminate\\Pipeline\\{closure}(Object(Illuminate\\Http\\Request))
#54 C:\\wamp64\\www\\crm-assistant\\vendor\\laravel\\framework\\src\\Illuminate\\Pipeline\\Pipeline.php(183): Illuminate\\Http\\Middleware\\TrustProxies->handle(Object(Illuminate\\Http\\Request), Object(Closure))
#55 C:\\wamp64\\www\\crm-assistant\\vendor\\laravel\\framework\\src\\Illuminate\\Pipeline\\Pipeline.php(119): Illuminate\\Pipeline\\Pipeline->Illuminate\\Pipeline\\{closure}(Object(Illuminate\\Http\\Request))
#56 C:\\wamp64\\www\\crm-assistant\\vendor\\laravel\\framework\\src\\Illuminate\\Foundation\\Http\\Kernel.php(175): Illuminate\\Pipeline\\Pipeline->then(Object(Closure))
#57 C:\\wamp64\\www\\crm-assistant\\vendor\\laravel\\framework\\src\\Illuminate\\Foundation\\Http\\Kernel.php(144): Illuminate\\Foundation\\Http\\Kernel->sendRequestThroughRouter(Object(Illuminate\\Http\\Request))
#58 C:\\wamp64\\www\\crm-assistant\\public\\index.php(52): Illuminate\\Foundation\\Http\\Kernel->handle(Object(Illuminate\\Http\\Request))
#59 C:\\wamp64\\www\\crm-assistant\\vendor\\laravel\\framework\\src\\Illuminate\\Foundation\\resources\\server.php(16): require_once('C:\\\\wamp64\\\\www\\\\c...')
#60 {main}
"} 
[2026-02-24 16:31:56] local.ERROR: Route [staff.sales-dashboard.index] not defined. {"view":{"view":"C:\\wamp64\\www\\crm-assistant\\resources\\views\\staff\\dashboard\\index.blade.php","data":{"errors":"<pre class=sf-dump id=sf-dump-55744595 data-indent-pad=\"  \"><span class=sf-dump-note>Illuminate\\Support\\ViewErrorBag</span> {<a class=sf-dump-ref>#277</a><samp data-depth=1 class=sf-dump-expanded>
  #<span class=sf-dump-protected title=\"Protected property\">bags</span>: []
</samp>}
</pre><script>Sfdump(\"sf-dump-55744595\", {\"maxDepth\":3,\"maxStringLength\":160})</script>
","stats":"<pre class=sf-dump id=sf-dump-2045732031 data-indent-pad=\"  \"><span class=sf-dump-note>array:9</span> [<samp data-depth=1 class=sf-dump-expanded>
  \"<span class=sf-dump-key>total</span>\" => <span class=sf-dump-note>array:4</span> [<samp data-depth=2 class=sf-dump-compact>
    \"<span class=sf-dump-key>monthly_target</span>\" => <span class=sf-dump-num>360.0</span>
    \"<span class=sf-dump-key>daily_target</span>\" => <span class=sf-dump-num>20</span>
    \"<span class=sf-dump-key>orders_converted</span>\" => <span class=sf-dump-num>157</span>
    \"<span class=sf-dump-key>on_target_percent</span>\" => <span class=sf-dump-num>52.3</span>
  </samp>]
  \"<span class=sf-dump-key>new</span>\" => <span class=sf-dump-note>array:4</span> [<samp data-depth=2 class=sf-dump-compact>
    \"<span class=sf-dump-key>monthly_target</span>\" => <span class=sf-dump-num>126.0</span>
    \"<span class=sf-dump-key>daily_target</span>\" => <span class=sf-dump-num>7</span>
    \"<span class=sf-dump-key>orders_converted</span>\" => <span class=sf-dump-num>48</span>
    \"<span class=sf-dump-key>on_target_percent</span>\" => <span class=sf-dump-num>45.7</span>
  </samp>]
  \"<span class=sf-dump-key>existing</span>\" => <span class=sf-dump-note>array:4</span> [<samp data-depth=2 class=sf-dump-compact>
    \"<span class=sf-dump-key>monthly_target</span>\" => <span class=sf-dump-num>234.0</span>
    \"<span class=sf-dump-key>daily_target</span>\" => <span class=sf-dump-num>13</span>
    \"<span class=sf-dump-key>orders_converted</span>\" => <span class=sf-dump-num>108</span>
    \"<span class=sf-dump-key>on_target_percent</span>\" => <span class=sf-dump-num>55.4</span>
  </samp>]
  \"<span class=sf-dump-key>insurance_sold_count</span>\" => <span class=sf-dump-num>5</span>
  \"<span class=sf-dump-key>drivers_cost_saved_count</span>\" => <span class=sf-dump-num>26</span>
  \"<span class=sf-dump-key>orders_needed_this_week</span>\" => <span class=sf-dump-num>80.0</span>
  \"<span class=sf-dump-key>insurance_sold_today</span>\" => <span class=sf-dump-num>1</span>
  \"<span class=sf-dump-key>drivers_cost_saved_today</span>\" => <span class=sf-dump-num>0.0</span>
  \"<span class=sf-dump-key>orders_needed_today</span>\" => <span class=sf-dump-num>7</span>
</samp>]
</pre><script>Sfdump(\"sf-dump-2045732031\", {\"maxDepth\":3,\"maxStringLength\":160})</script>
","chartData":"<pre class=sf-dump id=sf-dump-1283450795 data-indent-pad=\"  \"><span class=sf-dump-note>array:3</span> [<samp data-depth=1 class=sf-dump-expanded>
  \"<span class=sf-dump-key>labels</span>\" => <span class=sf-dump-note>array:24</span> [<samp data-depth=2 class=sf-dump-compact>
    <span class=sf-dump-index>0</span> => \"<span class=sf-dump-str title=\"2 characters\">01</span>\"
    <span class=sf-dump-index>1</span> => \"<span class=sf-dump-str title=\"2 characters\">02</span>\"
    <span class=sf-dump-index>2</span> => \"<span class=sf-dump-str title=\"2 characters\">03</span>\"
    <span class=sf-dump-index>3</span> => \"<span class=sf-dump-str title=\"2 characters\">04</span>\"
    <span class=sf-dump-index>4</span> => \"<span class=sf-dump-str title=\"2 characters\">05</span>\"
    <span class=sf-dump-index>5</span> => \"<span class=sf-dump-str title=\"2 characters\">06</span>\"
    <span class=sf-dump-index>6</span> => \"<span class=sf-dump-str title=\"2 characters\">07</span>\"
    <span class=sf-dump-index>7</span> => \"<span class=sf-dump-str title=\"2 characters\">08</span>\"
    <span class=sf-dump-index>8</span> => \"<span class=sf-dump-str title=\"2 characters\">09</span>\"
    <span class=sf-dump-index>9</span> => \"<span class=sf-dump-str title=\"2 characters\">10</span>\"
    <span class=sf-dump-index>10</span> => \"<span class=sf-dump-str title=\"2 characters\">11</span>\"
    <span class=sf-dump-index>11</span> => \"<span class=sf-dump-str title=\"2 characters\">12</span>\"
    <span class=sf-dump-index>12</span> => \"<span class=sf-dump-str title=\"2 characters\">13</span>\"
    <span class=sf-dump-index>13</span> => \"<span class=sf-dump-str title=\"2 characters\">14</span>\"
    <span class=sf-dump-index>14</span> => \"<span class=sf-dump-str title=\"2 characters\">15</span>\"
    <span class=sf-dump-index>15</span> => \"<span class=sf-dump-str title=\"2 characters\">16</span>\"
    <span class=sf-dump-index>16</span> => \"<span class=sf-dump-str title=\"2 characters\">17</span>\"
    <span class=sf-dump-index>17</span> => \"<span class=sf-dump-str title=\"2 characters\">18</span>\"
    <span class=sf-dump-index>18</span> => \"<span class=sf-dump-str title=\"2 characters\">19</span>\"
    <span class=sf-dump-index>19</span> => \"<span class=sf-dump-str title=\"2 characters\">20</span>\"
    <span class=sf-dump-index>20</span> => \"<span class=sf-dump-str title=\"2 characters\">21</span>\"
    <span class=sf-dump-index>21</span> => \"<span class=sf-dump-str title=\"2 characters\">22</span>\"
    <span class=sf-dump-index>22</span> => \"<span class=sf-dump-str title=\"2 characters\">23</span>\"
    <span class=sf-dump-index>23</span> => \"<span class=sf-dump-str title=\"2 characters\">24</span>\"
  </samp>]
  \"<span class=sf-dump-key>target</span>\" => <span class=sf-dump-note>array:24</span> [<samp data-depth=2 class=sf-dump-compact>
    <span class=sf-dump-index>0</span> => <span class=sf-dump-num>0</span>
    <span class=sf-dump-index>1</span> => <span class=sf-dump-num>0</span>
    <span class=sf-dump-index>2</span> => <span class=sf-dump-num>0</span>
    <span class=sf-dump-index>3</span> => <span class=sf-dump-num>20.0</span>
    <span class=sf-dump-index>4</span> => <span class=sf-dump-num>40.0</span>
    <span class=sf-dump-index>5</span> => <span class=sf-dump-num>60.0</span>
    <span class=sf-dump-index>6</span> => <span class=sf-dump-num>60.0</span>
    <span class=sf-dump-index>7</span> => <span class=sf-dump-num>60.0</span>
    <span class=sf-dump-index>8</span> => <span class=sf-dump-num>80.0</span>
    <span class=sf-dump-index>9</span> => <span class=sf-dump-num>100.0</span>
    <span class=sf-dump-index>10</span> => <span class=sf-dump-num>120.0</span>
    <span class=sf-dump-index>11</span> => <span class=sf-dump-num>140.0</span>
    <span class=sf-dump-index>12</span> => <span class=sf-dump-num>160.0</span>
    <span class=sf-dump-index>13</span> => <span class=sf-dump-num>160.0</span>
    <span class=sf-dump-index>14</span> => <span class=sf-dump-num>160.0</span>
    <span class=sf-dump-index>15</span> => <span class=sf-dump-num>180.0</span>
    <span class=sf-dump-index>16</span> => <span class=sf-dump-num>200.0</span>
    <span class=sf-dump-index>17</span> => <span class=sf-dump-num>220.0</span>
    <span class=sf-dump-index>18</span> => <span class=sf-dump-num>240.0</span>
    <span class=sf-dump-index>19</span> => <span class=sf-dump-num>260.0</span>
    <span class=sf-dump-index>20</span> => <span class=sf-dump-num>260.0</span>
    <span class=sf-dump-index>21</span> => <span class=sf-dump-num>260.0</span>
    <span class=sf-dump-index>22</span> => <span class=sf-dump-num>280.0</span>
    <span class=sf-dump-index>23</span> => <span class=sf-dump-num>300.0</span>
  </samp>]
  \"<span class=sf-dump-key>actual</span>\" => <span class=sf-dump-note>array:24</span> [<samp data-depth=2 class=sf-dump-compact>
    <span class=sf-dump-index>0</span> => <span class=sf-dump-num>0</span>
    <span class=sf-dump-index>1</span> => <span class=sf-dump-num>9</span>
    <span class=sf-dump-index>2</span> => <span class=sf-dump-num>14</span>
    <span class=sf-dump-index>3</span> => <span class=sf-dump-num>22</span>
    <span class=sf-dump-index>4</span> => <span class=sf-dump-num>32</span>
    <span class=sf-dump-index>5</span> => <span class=sf-dump-num>42</span>
    <span class=sf-dump-index>6</span> => <span class=sf-dump-num>42</span>
    <span class=sf-dump-index>7</span> => <span class=sf-dump-num>42</span>
    <span class=sf-dump-index>8</span> => <span class=sf-dump-num>56</span>
    <span class=sf-dump-index>9</span> => <span class=sf-dump-num>65</span>
    <span class=sf-dump-index>10</span> => <span class=sf-dump-num>72</span>
    <span class=sf-dump-index>11</span> => <span class=sf-dump-num>79</span>
    <span class=sf-dump-index>12</span> => <span class=sf-dump-num>86</span>
    <span class=sf-dump-index>13</span> => <span class=sf-dump-num>88</span>
    <span class=sf-dump-index>14</span> => <span class=sf-dump-num>88</span>
    <span class=sf-dump-index>15</span> => <span class=sf-dump-num>98</span>
    <span class=sf-dump-index>16</span> => <span class=sf-dump-num>102</span>
    <span class=sf-dump-index>17</span> => <span class=sf-dump-num>115</span>
    <span class=sf-dump-index>18</span> => <span class=sf-dump-num>119</span>
    <span class=sf-dump-index>19</span> => <span class=sf-dump-num>133</span>
    <span class=sf-dump-index>20</span> => <span class=sf-dump-num>133</span>
    <span class=sf-dump-index>21</span> => <span class=sf-dump-num>133</span>
    <span class=sf-dump-index>22</span> => <span class=sf-dump-num>144</span>
    <span class=sf-dump-index>23</span> => <span class=sf-dump-num>157</span>
  </samp>]
</samp>]
</pre><script>Sfdump(\"sf-dump-1283450795\", {\"maxDepth\":3,\"maxStringLength\":160})</script>
","startDate":"<pre class=sf-dump id=sf-dump-129781623 data-indent-pad=\"  \"><span class=sf-dump-note>Carbon\\Carbon @1769904000</span> {<a class=sf-dump-ref>#1056</a><samp data-depth=1 class=sf-dump-expanded>
  #<span class=sf-dump-protected title=\"Protected property\">endOfTime</span>: <span class=sf-dump-const>false</span>
  #<span class=sf-dump-protected title=\"Protected property\">startOfTime</span>: <span class=sf-dump-const>false</span>
  #<span class=sf-dump-protected title=\"Protected property\">constructedObjectId</span>: \"<span class=sf-dump-str title=\"32 characters\">00000000000004200000000000000000</span>\"
  #<span class=sf-dump-protected title=\"Protected property\">localMonthsOverflow</span>: <span class=sf-dump-const>null</span>
  #<span class=sf-dump-protected title=\"Protected property\">localYearsOverflow</span>: <span class=sf-dump-const>null</span>
  #<span class=sf-dump-protected title=\"Protected property\">localStrictModeEnabled</span>: <span class=sf-dump-const>null</span>
  #<span class=sf-dump-protected title=\"Protected property\">localHumanDiffOptions</span>: <span class=sf-dump-const>null</span>
  #<span class=sf-dump-protected title=\"Protected property\">localToStringFormat</span>: <span class=sf-dump-const>null</span>
  #<span class=sf-dump-protected title=\"Protected property\">localSerializer</span>: <span class=sf-dump-const>null</span>
  #<span class=sf-dump-protected title=\"Protected property\">localMacros</span>: <span class=sf-dump-const>null</span>
  #<span class=sf-dump-protected title=\"Protected property\">localGenericMacros</span>: <span class=sf-dump-const>null</span>
  #<span class=sf-dump-protected title=\"Protected property\">localFormatFunction</span>: <span class=sf-dump-const>null</span>
  #<span class=sf-dump-protected title=\"Protected property\">localTranslator</span>: <span class=sf-dump-const>null</span>
  #<span class=sf-dump-protected title=\"Protected property\">dumpProperties</span>: <span class=sf-dump-note>array:3</span> [<samp data-depth=2 class=sf-dump-compact>
    <span class=sf-dump-index>0</span> => \"<span class=sf-dump-str title=\"4 characters\">date</span>\"
    <span class=sf-dump-index>1</span> => \"<span class=sf-dump-str title=\"13 characters\">timezone_type</span>\"
    <span class=sf-dump-index>2</span> => \"<span class=sf-dump-str title=\"8 characters\">timezone</span>\"
  </samp>]
  #<span class=sf-dump-protected title=\"Protected property\">dumpLocale</span>: <span class=sf-dump-const>null</span>
  #<span class=sf-dump-protected title=\"Protected property\">dumpDateProperties</span>: <span class=sf-dump-const>null</span>
  <span class=sf-dump-meta>date</span>: <span class=sf-dump-const title=\"Sunday, February 1, 2026
- 23d 16:31:56.428596 from now
DST Off\">2026-02-01 00:00:00.0 Europe/London (+00:00)</span>
</samp>}
</pre><script>Sfdump(\"sf-dump-129781623\", {\"maxDepth\":3,\"maxStringLength\":160})</script>
","endDate":"<pre class=sf-dump id=sf-dump-1103347109 data-indent-pad=\"  \"><span class=sf-dump-note>Carbon\\Carbon @1771977599</span> {<a class=sf-dump-ref>#306</a><samp data-depth=1 class=sf-dump-expanded>
  #<span class=sf-dump-protected title=\"Protected property\">endOfTime</span>: <span class=sf-dump-const>false</span>
  #<span class=sf-dump-protected title=\"Protected property\">startOfTime</span>: <span class=sf-dump-const>false</span>
  #<span class=sf-dump-protected title=\"Protected property\">constructedObjectId</span>: \"<span class=sf-dump-str title=\"32 characters\">00000000000001320000000000000000</span>\"
  #<span class=sf-dump-protected title=\"Protected property\">localMonthsOverflow</span>: <span class=sf-dump-const>null</span>
  #<span class=sf-dump-protected title=\"Protected property\">localYearsOverflow</span>: <span class=sf-dump-const>null</span>
  #<span class=sf-dump-protected title=\"Protected property\">localStrictModeEnabled</span>: <span class=sf-dump-const>null</span>
  #<span class=sf-dump-protected title=\"Protected property\">localHumanDiffOptions</span>: <span class=sf-dump-const>null</span>
  #<span class=sf-dump-protected title=\"Protected property\">localToStringFormat</span>: <span class=sf-dump-const>null</span>
  #<span class=sf-dump-protected title=\"Protected property\">localSerializer</span>: <span class=sf-dump-const>null</span>
  #<span class=sf-dump-protected title=\"Protected property\">localMacros</span>: <span class=sf-dump-const>null</span>
  #<span class=sf-dump-protected title=\"Protected property\">localGenericMacros</span>: <span class=sf-dump-const>null</span>
  #<span class=sf-dump-protected title=\"Protected property\">localFormatFunction</span>: <span class=sf-dump-const>null</span>
  #<span class=sf-dump-protected title=\"Protected property\">localTranslator</span>: <span class=sf-dump-const>null</span>
  #<span class=sf-dump-protected title=\"Protected property\">dumpProperties</span>: <span class=sf-dump-note>array:3</span> [<samp data-depth=2 class=sf-dump-compact>
    <span class=sf-dump-index>0</span> => \"<span class=sf-dump-str title=\"4 characters\">date</span>\"
    <span class=sf-dump-index>1</span> => \"<span class=sf-dump-str title=\"13 characters\">timezone_type</span>\"
    <span class=sf-dump-index>2</span> => \"<span class=sf-dump-str title=\"8 characters\">timezone</span>\"
  </samp>]
  #<span class=sf-dump-protected title=\"Protected property\">dumpLocale</span>: <span class=sf-dump-const>null</span>
  #<span class=sf-dump-protected title=\"Protected property\">dumpDateProperties</span>: <span class=sf-dump-const>null</span>
  <span class=sf-dump-meta>date</span>: <span class=sf-dump-const title=\"Tuesday, February 24, 2026
+ 07:28:03.568283 from now
DST Off\">2026-02-24 23:59:59.999999 Europe/London (+00:00)</span>
</samp>}
</pre><script>Sfdump(\"sf-dump-1103347109\", {\"maxDepth\":3,\"maxStringLength\":160})</script>
","isAdmin":"<pre class=sf-dump id=sf-dump-590627238 data-indent-pad=\"  \"><span class=sf-dump-const>false</span>
</pre><script>Sfdump(\"sf-dump-590627238\", {\"maxDepth\":3,\"maxStringLength\":160})</script>
","cacheTtl":"<pre class=sf-dump id=sf-dump-414074299 data-indent-pad=\"  \"><span class=sf-dump-num>300</span>
</pre><script>Sfdump(\"sf-dump-414074299\", {\"maxDepth\":3,\"maxStringLength\":160})</script>
","error":"<pre class=sf-dump id=sf-dump-1733324819 data-indent-pad=\"  \"><span class=sf-dump-const>null</span>
</pre><script>Sfdump(\"sf-dump-1733324819\", {\"maxDepth\":3,\"maxStringLength\":160})</script>
","maskNumbers":"<pre class=sf-dump id=sf-dump-849990469 data-indent-pad=\"  \"><span class=sf-dump-const>false</span>
</pre><script>Sfdump(\"sf-dump-849990469\", {\"maxDepth\":3,\"maxStringLength\":160})</script>
","viewingUser":"<pre class=sf-dump id=sf-dump-205938078 data-indent-pad=\"  \"><span class=sf-dump-note>App\\Models\\User</span> {<a class=sf-dump-ref>#648</a><samp data-depth=1 class=sf-dump-expanded>
  #<span class=sf-dump-protected title=\"Protected property\">connection</span>: \"<span class=sf-dump-str title=\"5 characters\">mysql</span>\"
  #<span class=sf-dump-protected title=\"Protected property\">table</span>: \"<span class=sf-dump-str title=\"5 characters\">users</span>\"
  #<span class=sf-dump-protected title=\"Protected property\">primaryKey</span>: \"<span class=sf-dump-str title=\"2 characters\">id</span>\"
  #<span class=sf-dump-protected title=\"Protected property\">keyType</span>: \"<span class=sf-dump-str title=\"3 characters\">int</span>\"
  +<span class=sf-dump-public title=\"Public property\">incrementing</span>: <span class=sf-dump-const>true</span>
  #<span class=sf-dump-protected title=\"Protected property\">with</span>: []
  #<span class=sf-dump-protected title=\"Protected property\">withCount</span>: []
  +<span class=sf-dump-public title=\"Public property\">preventsLazyLoading</span>: <span class=sf-dump-const>false</span>
  #<span class=sf-dump-protected title=\"Protected property\">perPage</span>: <span class=sf-dump-num>15</span>
  +<span class=sf-dump-public title=\"Public property\">exists</span>: <span class=sf-dump-const>true</span>
  +<span class=sf-dump-public title=\"Public property\">wasRecentlyCreated</span>: <span class=sf-dump-const>false</span>
  #<span class=sf-dump-protected title=\"Protected property\">escapeWhenCastingToString</span>: <span class=sf-dump-const>false</span>
  #<span class=sf-dump-protected title=\"Protected property\">attributes</span>: <span class=sf-dump-note>array:12</span> [<samp data-depth=2 class=sf-dump-compact>
    \"<span class=sf-dump-key>id</span>\" => <span class=sf-dump-num>12</span>
    \"<span class=sf-dump-key>name</span>\" => \"<span class=sf-dump-str title=\"15 characters\">Simon Nyamhunga</span>\"
    \"<span class=sf-dump-key>email</span>\" => \"<span class=sf-dump-str title=\"26 characters\">Simon@collectsameday.co.uk</span>\"
    \"<span class=sf-dump-key>role</span>\" => \"<span class=sf-dump-str title=\"5 characters\">staff</span>\"
    \"<span class=sf-dump-key>hide_from_dashboard</span>\" => <span class=sf-dump-num>0</span>
    \"<span class=sf-dump-key>email_verified_at</span>\" => <span class=sf-dump-const>null</span>
    \"<span class=sf-dump-key>password</span>\" => \"<span class=sf-dump-str title=\"60 characters\">$2y$12$UYBjQwkRoYhqicB/4a8FxexSDl50ZHUcc.ngcZFJABNq2XK65eq2O</span>\"
    \"<span class=sf-dump-key>remember_token</span>\" => \"<span class=sf-dump-str title=\"60 characters\">OddEfzBkKtRjZGruLuTqtSL8fSUHjX36ZS6CAhsmDBaSIXmf6wOiZ1eJMKIz</span>\"
    \"<span class=sf-dump-key>created_at</span>\" => \"<span class=sf-dump-str title=\"19 characters\">2025-09-04 14:17:48</span>\"
    \"<span class=sf-dump-key>updated_at</span>\" => \"<span class=sf-dump-str title=\"19 characters\">2026-02-05 15:23:52</span>\"
    \"<span class=sf-dump-key>google2fa_secret</span>\" => \"<span class=sf-dump-str title=\"16 characters\">J5EGWB6H7GFHMA5B</span>\"
    \"<span class=sf-dump-key>google2fa_enabled</span>\" => <span class=sf-dump-num>0</span>
  </samp>]
  #<span class=sf-dump-protected title=\"Protected property\">original</span>: <span class=sf-dump-note>array:12</span> [<samp data-depth=2 class=sf-dump-compact>
    \"<span class=sf-dump-key>id</span>\" => <span class=sf-dump-num>12</span>
    \"<span class=sf-dump-key>name</span>\" => \"<span class=sf-dump-str title=\"15 characters\">Simon Nyamhunga</span>\"
    \"<span class=sf-dump-key>email</span>\" => \"<span class=sf-dump-str title=\"26 characters\">Simon@collectsameday.co.uk</span>\"
    \"<span class=sf-dump-key>role</span>\" => \"<span class=sf-dump-str title=\"5 characters\">staff</span>\"
    \"<span class=sf-dump-key>hide_from_dashboard</span>\" => <span class=sf-dump-num>0</span>
    \"<span class=sf-dump-key>email_verified_at</span>\" => <span class=sf-dump-const>null</span>
    \"<span class=sf-dump-key>password</span>\" => \"<span class=sf-dump-str title=\"60 characters\">$2y$12$UYBjQwkRoYhqicB/4a8FxexSDl50ZHUcc.ngcZFJABNq2XK65eq2O</span>\"
    \"<span class=sf-dump-key>remember_token</span>\" => \"<span class=sf-dump-str title=\"60 characters\">OddEfzBkKtRjZGruLuTqtSL8fSUHjX36ZS6CAhsmDBaSIXmf6wOiZ1eJMKIz</span>\"
    \"<span class=sf-dump-key>created_at</span>\" => \"<span class=sf-dump-str title=\"19 characters\">2025-09-04 14:17:48</span>\"
    \"<span class=sf-dump-key>updated_at</span>\" => \"<span class=sf-dump-str title=\"19 characters\">2026-02-05 15:23:52</span>\"
    \"<span class=sf-dump-key>google2fa_secret</span>\" => \"<span class=sf-dump-str title=\"16 characters\">J5EGWB6H7GFHMA5B</span>\"
    \"<span class=sf-dump-key>google2fa_enabled</span>\" => <span class=sf-dump-num>0</span>
  </samp>]
  #<span class=sf-dump-protected title=\"Protected property\">changes</span>: []
  #<span class=sf-dump-protected title=\"Protected property\">casts</span>: <span class=sf-dump-note>array:4</span> [<samp data-depth=2 class=sf-dump-compact>
    \"<span class=sf-dump-key>email_verified_at</span>\" => \"<span class=sf-dump-str title=\"8 characters\">datetime</span>\"
    \"<span class=sf-dump-key>password</span>\" => \"<span class=sf-dump-str title=\"6 characters\">hashed</span>\"
    \"<span class=sf-dump-key>google2fa_enabled</span>\" => \"<span class=sf-dump-str title=\"7 characters\">boolean</span>\"
    \"<span class=sf-dump-key>hide_from_dashboard</span>\" => \"<span class=sf-dump-str title=\"7 characters\">boolean</span>\"
  </samp>]
  #<span class=sf-dump-protected title=\"Protected property\">classCastCache</span>: []
  #<span class=sf-dump-protected title=\"Protected property\">attributeCastCache</span>: []
  #<span class=sf-dump-protected title=\"Protected property\">dateFormat</span>: <span class=sf-dump-const>null</span>
  #<span class=sf-dump-protected title=\"Protected property\">appends</span>: []
  #<span class=sf-dump-protected title=\"Protected property\">dispatchesEvents</span>: []
  #<span class=sf-dump-protected title=\"Protected property\">observables</span>: []
  #<span class=sf-dump-protected title=\"Protected property\">relations</span>: []
  #<span class=sf-dump-protected title=\"Protected property\">touches</span>: []
  +<span class=sf-dump-public title=\"Public property\">timestamps</span>: <span class=sf-dump-const>true</span>
  +<span class=sf-dump-public title=\"Public property\">usesUniqueIds</span>: <span class=sf-dump-const>false</span>
  #<span class=sf-dump-protected title=\"Protected property\">hidden</span>: <span class=sf-dump-note>array:3</span> [<samp data-depth=2 class=sf-dump-compact>
    <span class=sf-dump-index>0</span> => \"<span class=sf-dump-str title=\"8 characters\">password</span>\"
    <span class=sf-dump-index>1</span> => \"<span class=sf-dump-str title=\"14 characters\">remember_token</span>\"
    <span class=sf-dump-index>2</span> => \"<span class=sf-dump-str title=\"16 characters\">google2fa_secret</span>\"
  </samp>]
  #<span class=sf-dump-protected title=\"Protected property\">visible</span>: []
  #<span class=sf-dump-protected title=\"Protected property\">fillable</span>: <span class=sf-dump-note>array:7</span> [<samp data-depth=2 class=sf-dump-compact>
    <span class=sf-dump-index>0</span> => \"<span class=sf-dump-str title=\"4 characters\">name</span>\"
    <span class=sf-dump-index>1</span> => \"<span class=sf-dump-str title=\"5 characters\">email</span>\"
    <span class=sf-dump-index>2</span> => \"<span class=sf-dump-str title=\"8 characters\">password</span>\"
    <span class=sf-dump-index>3</span> => \"<span class=sf-dump-str title=\"4 characters\">role</span>\"
    <span class=sf-dump-index>4</span> => \"<span class=sf-dump-str title=\"19 characters\">hide_from_dashboard</span>\"
    <span class=sf-dump-index>5</span> => \"<span class=sf-dump-str title=\"16 characters\">google2fa_secret</span>\"
    <span class=sf-dump-index>6</span> => \"<span class=sf-dump-str title=\"17 characters\">google2fa_enabled</span>\"
  </samp>]
  #<span class=sf-dump-protected title=\"Protected property\">guarded</span>: <span class=sf-dump-note>array:1</span> [<samp data-depth=2 class=sf-dump-compact>
    <span class=sf-dump-index>0</span> => \"<span class=sf-dump-str>*</span>\"
  </samp>]
  #<span class=sf-dump-protected title=\"Protected property\">rememberTokenName</span>: \"<span class=sf-dump-str title=\"14 characters\">remember_token</span>\"
  #<span class=sf-dump-protected title=\"Protected property\">accessToken</span>: <span class=sf-dump-const>null</span>
</samp>}
</pre><script>Sfdump(\"sf-dump-205938078\", {\"maxDepth\":3,\"maxStringLength\":160})</script>
","viewingOtherUser":"<pre class=sf-dump id=sf-dump-253143788 data-indent-pad=\"  \"><span class=sf-dump-const>false</span>
</pre><script>Sfdump(\"sf-dump-253143788\", {\"maxDepth\":3,\"maxStringLength\":160})</script>
"}},"userId":12,"exception":"[object] (Spatie\\LaravelIgnition\\Exceptions\\ViewException(code: 0): Route [staff.sales-dashboard.index] not defined. at C:\\wamp64\\www\\crm-assistant\\vendor\\laravel\\framework\\src\\Illuminate\\Routing\\UrlGenerator.php:477)
[stacktrace]
#0 C:\\wamp64\\www\\crm-assistant\\vendor\\laravel\\framework\\src\\Illuminate\\Foundation\\helpers.php(811): Illuminate\\Routing\\UrlGenerator->route('staff.sales-das...', Array, true)
#1 C:\\wamp64\\www\\crm-assistant\\resources\\views\\staff\\dashboard\\index.blade.php(1000): route('staff.sales-das...')
#2 C:\\wamp64\\www\\crm-assistant\\vendor\\laravel\\framework\\src\\Illuminate\\Filesystem\\Filesystem.php(123): require('C:\\\\wamp64\\\\www\\\\c...')
#3 C:\\wamp64\\www\\crm-assistant\\vendor\\laravel\\framework\\src\\Illuminate\\Filesystem\\Filesystem.php(124): Illuminate\\Filesystem\\Filesystem::Illuminate\\Filesystem\\{closure}()
#4 C:\\wamp64\\www\\crm-assistant\\vendor\\laravel\\framework\\src\\Illuminate\\View\\Engines\\PhpEngine.php(58): Illuminate\\Filesystem\\Filesystem->getRequire('C:\\\\wamp64\\\\www\\\\c...', Array)
#5 C:\\wamp64\\www\\crm-assistant\\vendor\\laravel\\framework\\src\\Illuminate\\View\\Engines\\CompilerEngine.php(72): Illuminate\\View\\Engines\\PhpEngine->evaluatePath('C:\\\\wamp64\\\\www\\\\c...', Array)
#6 C:\\wamp64\\www\\crm-assistant\\vendor\\laravel\\framework\\src\\Illuminate\\View\\View.php(207): Illuminate\\View\\Engines\\CompilerEngine->get('C:\\\\wamp64\\\\www\\\\c...', Array)
#7 C:\\wamp64\\www\\crm-assistant\\vendor\\laravel\\framework\\src\\Illuminate\\View\\View.php(190): Illuminate\\View\\View->getContents()
#8 C:\\wamp64\\www\\crm-assistant\\vendor\\laravel\\framework\\src\\Illuminate\\View\\View.php(159): Illuminate\\View\\View->renderContents()
#9 C:\\wamp64\\www\\crm-assistant\\vendor\\laravel\\framework\\src\\Illuminate\\Http\\Response.php(69): Illuminate\\View\\View->render()
#10 C:\\wamp64\\www\\crm-assistant\\vendor\\laravel\\framework\\src\\Illuminate\\Http\\Response.php(35): Illuminate\\Http\\Response->setContent(Object(Illuminate\\View\\View))
#11 C:\\wamp64\\www\\crm-assistant\\vendor\\laravel\\framework\\src\\Illuminate\\Routing\\Router.php(918): Illuminate\\Http\\Response->__construct(Object(Illuminate\\View\\View), 200, Array)
#12 C:\\wamp64\\www\\crm-assistant\\vendor\\laravel\\framework\\src\\Illuminate\\Routing\\Router.php(885): Illuminate\\Routing\\Router::toResponse(Object(Illuminate\\Http\\Request), Object(Illuminate\\View\\View))
#13 C:\\wamp64\\www\\crm-assistant\\vendor\\laravel\\framework\\src\\Illuminate\\Routing\\Router.php(806): Illuminate\\Routing\\Router->prepareResponse(Object(Illuminate\\Http\\Request), Object(Illuminate\\View\\View))
#14 C:\\wamp64\\www\\crm-assistant\\vendor\\laravel\\framework\\src\\Illuminate\\Pipeline\\Pipeline.php(144): Illuminate\\Routing\\Router->Illuminate\\Routing\\{closure}(Object(Illuminate\\Http\\Request))
#15 C:\\wamp64\\www\\crm-assistant\\app\\Http\\Middleware\\IpWhitelistMiddleware.php(27): Illuminate\\Pipeline\\Pipeline->Illuminate\\Pipeline\\{closure}(Object(Illuminate\\Http\\Request))
#16 C:\\wamp64\\www\\crm-assistant\\vendor\\laravel\\framework\\src\\Illuminate\\Pipeline\\Pipeline.php(183): App\\Http\\Middleware\\IpWhitelistMiddleware->handle(Object(Illuminate\\Http\\Request), Object(Closure))
#17 C:\\wamp64\\www\\crm-assistant\\app\\Http\\Middleware\\Ensure2FA.php(28): Illuminate\\Pipeline\\Pipeline->Illuminate\\Pipeline\\{closure}(Object(Illuminate\\Http\\Request))
#18 C:\\wamp64\\www\\crm-assistant\\vendor\\laravel\\framework\\src\\Illuminate\\Pipeline\\Pipeline.php(183): App\\Http\\Middleware\\Ensure2FA->handle(Object(Illuminate\\Http\\Request), Object(Closure))
#19 C:\\wamp64\\www\\crm-assistant\\vendor\\laravel\\framework\\src\\Illuminate\\Routing\\Middleware\\SubstituteBindings.php(50): Illuminate\\Pipeline\\Pipeline->Illuminate\\Pipeline\\{closure}(Object(Illuminate\\Http\\Request))
#20 C:\\wamp64\\www\\crm-assistant\\vendor\\laravel\\framework\\src\\Illuminate\\Pipeline\\Pipeline.php(183): Illuminate\\Routing\\Middleware\\SubstituteBindings->handle(Object(Illuminate\\Http\\Request), Object(Closure))
#21 C:\\wamp64\\www\\crm-assistant\\vendor\\laravel\\framework\\src\\Illuminate\\Auth\\Middleware\\Authenticate.php(57): Illuminate\\Pipeline\\Pipeline->Illuminate\\Pipeline\\{closure}(Object(Illuminate\\Http\\Request))
#22 C:\\wamp64\\www\\crm-assistant\\vendor\\laravel\\framework\\src\\Illuminate\\Pipeline\\Pipeline.php(183): Illuminate\\Auth\\Middleware\\Authenticate->handle(Object(Illuminate\\Http\\Request), Object(Closure))
#23 C:\\wamp64\\www\\crm-assistant\\vendor\\laravel\\framework\\src\\Illuminate\\Foundation\\Http\\Middleware\\VerifyCsrfToken.php(78): Illuminate\\Pipeline\\Pipeline->Illuminate\\Pipeline\\{closure}(Object(Illuminate\\Http\\Request))
#24 C:\\wamp64\\www\\crm-assistant\\vendor\\laravel\\framework\\src\\Illuminate\\Pipeline\\Pipeline.php(183): Illuminate\\Foundation\\Http\\Middleware\\VerifyCsrfToken->handle(Object(Illuminate\\Http\\Request), Object(Closure))
#25 C:\\wamp64\\www\\crm-assistant\\vendor\\laravel\\framework\\src\\Illuminate\\View\\Middleware\\ShareErrorsFromSession.php(49): Illuminate\\Pipeline\\Pipeline->Illuminate\\Pipeline\\{closure}(Object(Illuminate\\Http\\Request))
#26 C:\\wamp64\\www\\crm-assistant\\vendor\\laravel\\framework\\src\\Illuminate\\Pipeline\\Pipeline.php(183): Illuminate\\View\\Middleware\\ShareErrorsFromSession->handle(Object(Illuminate\\Http\\Request), Object(Closure))
#27 C:\\wamp64\\www\\crm-assistant\\vendor\\laravel\\framework\\src\\Illuminate\\Session\\Middleware\\StartSession.php(121): Illuminate\\Pipeline\\Pipeline->Illuminate\\Pipeline\\{closure}(Object(Illuminate\\Http\\Request))
#28 C:\\wamp64\\www\\crm-assistant\\vendor\\laravel\\framework\\src\\Illuminate\\Session\\Middleware\\StartSession.php(64): Illuminate\\Session\\Middleware\\StartSession->handleStatefulRequest(Object(Illuminate\\Http\\Request), Object(Illuminate\\Session\\Store), Object(Closure))
#29 C:\\wamp64\\www\\crm-assistant\\vendor\\laravel\\framework\\src\\Illuminate\\Pipeline\\Pipeline.php(183): Illuminate\\Session\\Middleware\\StartSession->handle(Object(Illuminate\\Http\\Request), Object(Closure))
#30 C:\\wamp64\\www\\crm-assistant\\vendor\\laravel\\framework\\src\\Illuminate\\Cookie\\Middleware\\AddQueuedCookiesToResponse.php(37): Illuminate\\Pipeline\\Pipeline->Illuminate\\Pipeline\\{closure}(Object(Illuminate\\Http\\Request))
#31 C:\\wamp64\\www\\crm-assistant\\vendor\\laravel\\framework\\src\\Illuminate\\Pipeline\\Pipeline.php(183): Illuminate\\Cookie\\Middleware\\AddQueuedCookiesToResponse->handle(Object(Illuminate\\Http\\Request), Object(Closure))
#32 C:\\wamp64\\www\\crm-assistant\\vendor\\laravel\\framework\\src\\Illuminate\\Cookie\\Middleware\\EncryptCookies.php(67): Illuminate\\Pipeline\\Pipeline->Illuminate\\Pipeline\\{closure}(Object(Illuminate\\Http\\Request))
#33 C:\\wamp64\\www\\crm-assistant\\vendor\\laravel\\framework\\src\\Illuminate\\Pipeline\\Pipeline.php(183): Illuminate\\Cookie\\Middleware\\EncryptCookies->handle(Object(Illuminate\\Http\\Request), Object(Closure))
#34 C:\\wamp64\\www\\crm-assistant\\vendor\\laravel\\framework\\src\\Illuminate\\Pipeline\\Pipeline.php(119): Illuminate\\Pipeline\\Pipeline->Illuminate\\Pipeline\\{closure}(Object(Illuminate\\Http\\Request))
#35 C:\\wamp64\\www\\crm-assistant\\vendor\\laravel\\framework\\src\\Illuminate\\Routing\\Router.php(807): Illuminate\\Pipeline\\Pipeline->then(Object(Closure))
#36 C:\\wamp64\\www\\crm-assistant\\vendor\\laravel\\framework\\src\\Illuminate\\Routing\\Router.php(784): Illuminate\\Routing\\Router->runRouteWithinStack(Object(Illuminate\\Routing\\Route), Object(Illuminate\\Http\\Request))
#37 C:\\wamp64\\www\\crm-assistant\\vendor\\laravel\\framework\\src\\Illuminate\\Routing\\Router.php(748): Illuminate\\Routing\\Router->runRoute(Object(Illuminate\\Http\\Request), Object(Illuminate\\Routing\\Route))
#38 C:\\wamp64\\www\\crm-assistant\\vendor\\laravel\\framework\\src\\Illuminate\\Routing\\Router.php(737): Illuminate\\Routing\\Router->dispatchToRoute(Object(Illuminate\\Http\\Request))
#39 C:\\wamp64\\www\\crm-assistant\\vendor\\laravel\\framework\\src\\Illuminate\\Foundation\\Http\\Kernel.php(200): Illuminate\\Routing\\Router->dispatch(Object(Illuminate\\Http\\Request))
#40 C:\\wamp64\\www\\crm-assistant\\vendor\\laravel\\framework\\src\\Illuminate\\Pipeline\\Pipeline.php(144): Illuminate\\Foundation\\Http\\Kernel->Illuminate\\Foundation\\Http\\{closure}(Object(Illuminate\\Http\\Request))
#41 C:\\wamp64\\www\\crm-assistant\\vendor\\laravel\\framework\\src\\Illuminate\\Foundation\\Http\\Middleware\\TransformsRequest.php(21): Illuminate\\Pipeline\\Pipeline->Illuminate\\Pipeline\\{closure}(Object(Illuminate\\Http\\Request))
#42 C:\\wamp64\\www\\crm-assistant\\vendor\\laravel\\framework\\src\\Illuminate\\Foundation\\Http\\Middleware\\ConvertEmptyStringsToNull.php(31): Illuminate\\Foundation\\Http\\Middleware\\TransformsRequest->handle(Object(Illuminate\\Http\\Request), Object(Closure))
#43 C:\\wamp64\\www\\crm-assistant\\vendor\\laravel\\framework\\src\\Illuminate\\Pipeline\\Pipeline.php(183): Illuminate\\Foundation\\Http\\Middleware\\ConvertEmptyStringsToNull->handle(Object(Illuminate\\Http\\Request), Object(Closure))
#44 C:\\wamp64\\www\\crm-assistant\\vendor\\laravel\\framework\\src\\Illuminate\\Foundation\\Http\\Middleware\\TransformsRequest.php(21): Illuminate\\Pipeline\\Pipeline->Illuminate\\Pipeline\\{closure}(Object(Illuminate\\Http\\Request))
#45 C:\\wamp64\\www\\crm-assistant\\vendor\\laravel\\framework\\src\\Illuminate\\Foundation\\Http\\Middleware\\TrimStrings.php(40): Illuminate\\Foundation\\Http\\Middleware\\TransformsRequest->handle(Object(Illuminate\\Http\\Request), Object(Closure))
#46 C:\\wamp64\\www\\crm-assistant\\vendor\\laravel\\framework\\src\\Illuminate\\Pipeline\\Pipeline.php(183): Illuminate\\Foundation\\Http\\Middleware\\TrimStrings->handle(Object(Illuminate\\Http\\Request), Object(Closure))
#47 C:\\wamp64\\www\\crm-assistant\\vendor\\laravel\\framework\\src\\Illuminate\\Foundation\\Http\\Middleware\\ValidatePostSize.php(27): Illuminate\\Pipeline\\Pipeline->Illuminate\\Pipeline\\{closure}(Object(Illuminate\\Http\\Request))
#48 C:\\wamp64\\www\\crm-assistant\\vendor\\laravel\\framework\\src\\Illuminate\\Pipeline\\Pipeline.php(183): Illuminate\\Foundation\\Http\\Middleware\\ValidatePostSize->handle(Object(Illuminate\\Http\\Request), Object(Closure))
#49 C:\\wamp64\\www\\crm-assistant\\vendor\\laravel\\framework\\src\\Illuminate\\Foundation\\Http\\Middleware\\PreventRequestsDuringMaintenance.php(99): Illuminate\\Pipeline\\Pipeline->Illuminate\\Pipeline\\{closure}(Object(Illuminate\\Http\\Request))
#50 C:\\wamp64\\www\\crm-assistant\\vendor\\laravel\\framework\\src\\Illuminate\\Pipeline\\Pipeline.php(183): Illuminate\\Foundation\\Http\\Middleware\\PreventRequestsDuringMaintenance->handle(Object(Illuminate\\Http\\Request), Object(Closure))
#51 C:\\wamp64\\www\\crm-assistant\\vendor\\laravel\\framework\\src\\Illuminate\\Http\\Middleware\\HandleCors.php(49): Illuminate\\Pipeline\\Pipeline->Illuminate\\Pipeline\\{closure}(Object(Illuminate\\Http\\Request))
#52 C:\\wamp64\\www\\crm-assistant\\vendor\\laravel\\framework\\src\\Illuminate\\Pipeline\\Pipeline.php(183): Illuminate\\Http\\Middleware\\HandleCors->handle(Object(Illuminate\\Http\\Request), Object(Closure))
#53 C:\\wamp64\\www\\crm-assistant\\vendor\\laravel\\framework\\src\\Illuminate\\Http\\Middleware\\TrustProxies.php(39): Illuminate\\Pipeline\\Pipeline->Illuminate\\Pipeline\\{closure}(Object(Illuminate\\Http\\Request))
#54 C:\\wamp64\\www\\crm-assistant\\vendor\\laravel\\framework\\src\\Illuminate\\Pipeline\\Pipeline.php(183): Illuminate\\Http\\Middleware\\TrustProxies->handle(Object(Illuminate\\Http\\Request), Object(Closure))
#55 C:\\wamp64\\www\\crm-assistant\\vendor\\laravel\\framework\\src\\Illuminate\\Pipeline\\Pipeline.php(119): Illuminate\\Pipeline\\Pipeline->Illuminate\\Pipeline\\{closure}(Object(Illuminate\\Http\\Request))
#56 C:\\wamp64\\www\\crm-assistant\\vendor\\laravel\\framework\\src\\Illuminate\\Foundation\\Http\\Kernel.php(175): Illuminate\\Pipeline\\Pipeline->then(Object(Closure))
#57 C:\\wamp64\\www\\crm-assistant\\vendor\\laravel\\framework\\src\\Illuminate\\Foundation\\Http\\Kernel.php(144): Illuminate\\Foundation\\Http\\Kernel->sendRequestThroughRouter(Object(Illuminate\\Http\\Request))
#58 C:\\wamp64\\www\\crm-assistant\\public\\index.php(52): Illuminate\\Foundation\\Http\\Kernel->handle(Object(Illuminate\\Http\\Request))
#59 C:\\wamp64\\www\\crm-assistant\\vendor\\laravel\\framework\\src\\Illuminate\\Foundation\\resources\\server.php(16): require_once('C:\\\\wamp64\\\\www\\\\c...')
#60 {main}

[previous exception] [object] (Symfony\\Component\\Routing\\Exception\\RouteNotFoundException(code: 0): Route [staff.sales-dashboard.index] not defined. at C:\\wamp64\\www\\crm-assistant\\vendor\\laravel\\framework\\src\\Illuminate\\Routing\\UrlGenerator.php:477)
[stacktrace]
#0 C:\\wamp64\\www\\crm-assistant\\vendor\\laravel\\framework\\src\\Illuminate\\Foundation\\helpers.php(811): Illuminate\\Routing\\UrlGenerator->route('staff.sales-das...', Array, true)
#1 C:\\wamp64\\www\\crm-assistant\\storage\\framework\\views\\0bb328cc6f53adf0077a26d4bbb55e99.php(1013): route('staff.sales-das...')
#2 C:\\wamp64\\www\\crm-assistant\\vendor\\laravel\\framework\\src\\Illuminate\\Filesystem\\Filesystem.php(123): require('C:\\\\wamp64\\\\www\\\\c...')
#3 C:\\wamp64\\www\\crm-assistant\\vendor\\laravel\\framework\\src\\Illuminate\\Filesystem\\Filesystem.php(124): Illuminate\\Filesystem\\Filesystem::Illuminate\\Filesystem\\{closure}()
#4 C:\\wamp64\\www\\crm-assistant\\vendor\\laravel\\framework\\src\\Illuminate\\View\\Engines\\PhpEngine.php(58): Illuminate\\Filesystem\\Filesystem->getRequire('C:\\\\wamp64\\\\www\\\\c...', Array)
#5 C:\\wamp64\\www\\crm-assistant\\vendor\\laravel\\framework\\src\\Illuminate\\View\\Engines\\CompilerEngine.php(72): Illuminate\\View\\Engines\\PhpEngine->evaluatePath('C:\\\\wamp64\\\\www\\\\c...', Array)
#6 C:\\wamp64\\www\\crm-assistant\\vendor\\laravel\\framework\\src\\Illuminate\\View\\View.php(207): Illuminate\\View\\Engines\\CompilerEngine->get('C:\\\\wamp64\\\\www\\\\c...', Array)
#7 C:\\wamp64\\www\\crm-assistant\\vendor\\laravel\\framework\\src\\Illuminate\\View\\View.php(190): Illuminate\\View\\View->getContents()
#8 C:\\wamp64\\www\\crm-assistant\\vendor\\laravel\\framework\\src\\Illuminate\\View\\View.php(159): Illuminate\\View\\View->renderContents()
#9 C:\\wamp64\\www\\crm-assistant\\vendor\\laravel\\framework\\src\\Illuminate\\Http\\Response.php(69): Illuminate\\View\\View->render()
#10 C:\\wamp64\\www\\crm-assistant\\vendor\\laravel\\framework\\src\\Illuminate\\Http\\Response.php(35): Illuminate\\Http\\Response->setContent(Object(Illuminate\\View\\View))
#11 C:\\wamp64\\www\\crm-assistant\\vendor\\laravel\\framework\\src\\Illuminate\\Routing\\Router.php(918): Illuminate\\Http\\Response->__construct(Object(Illuminate\\View\\View), 200, Array)
#12 C:\\wamp64\\www\\crm-assistant\\vendor\\laravel\\framework\\src\\Illuminate\\Routing\\Router.php(885): Illuminate\\Routing\\Router::toResponse(Object(Illuminate\\Http\\Request), Object(Illuminate\\View\\View))
#13 C:\\wamp64\\www\\crm-assistant\\vendor\\laravel\\framework\\src\\Illuminate\\Routing\\Router.php(806): Illuminate\\Routing\\Router->prepareResponse(Object(Illuminate\\Http\\Request), Object(Illuminate\\View\\View))
#14 C:\\wamp64\\www\\crm-assistant\\vendor\\laravel\\framework\\src\\Illuminate\\Pipeline\\Pipeline.php(144): Illuminate\\Routing\\Router->Illuminate\\Routing\\{closure}(Object(Illuminate\\Http\\Request))
#15 C:\\wamp64\\www\\crm-assistant\\app\\Http\\Middleware\\IpWhitelistMiddleware.php(27): Illuminate\\Pipeline\\Pipeline->Illuminate\\Pipeline\\{closure}(Object(Illuminate\\Http\\Request))
#16 C:\\wamp64\\www\\crm-assistant\\vendor\\laravel\\framework\\src\\Illuminate\\Pipeline\\Pipeline.php(183): App\\Http\\Middleware\\IpWhitelistMiddleware->handle(Object(Illuminate\\Http\\Request), Object(Closure))
#17 C:\\wamp64\\www\\crm-assistant\\app\\Http\\Middleware\\Ensure2FA.php(28): Illuminate\\Pipeline\\Pipeline->Illuminate\\Pipeline\\{closure}(Object(Illuminate\\Http\\Request))
#18 C:\\wamp64\\www\\crm-assistant\\vendor\\laravel\\framework\\src\\Illuminate\\Pipeline\\Pipeline.php(183): App\\Http\\Middleware\\Ensure2FA->handle(Object(Illuminate\\Http\\Request), Object(Closure))
#19 C:\\wamp64\\www\\crm-assistant\\vendor\\laravel\\framework\\src\\Illuminate\\Routing\\Middleware\\SubstituteBindings.php(50): Illuminate\\Pipeline\\Pipeline->Illuminate\\Pipeline\\{closure}(Object(Illuminate\\Http\\Request))
#20 C:\\wamp64\\www\\crm-assistant\\vendor\\laravel\\framework\\src\\Illuminate\\Pipeline\\Pipeline.php(183): Illuminate\\Routing\\Middleware\\SubstituteBindings->handle(Object(Illuminate\\Http\\Request), Object(Closure))
#21 C:\\wamp64\\www\\crm-assistant\\vendor\\laravel\\framework\\src\\Illuminate\\Auth\\Middleware\\Authenticate.php(57): Illuminate\\Pipeline\\Pipeline->Illuminate\\Pipeline\\{closure}(Object(Illuminate\\Http\\Request))
#22 C:\\wamp64\\www\\crm-assistant\\vendor\\laravel\\framework\\src\\Illuminate\\Pipeline\\Pipeline.php(183): Illuminate\\Auth\\Middleware\\Authenticate->handle(Object(Illuminate\\Http\\Request), Object(Closure))
#23 C:\\wamp64\\www\\crm-assistant\\vendor\\laravel\\framework\\src\\Illuminate\\Foundation\\Http\\Middleware\\VerifyCsrfToken.php(78): Illuminate\\Pipeline\\Pipeline->Illuminate\\Pipeline\\{closure}(Object(Illuminate\\Http\\Request))
#24 C:\\wamp64\\www\\crm-assistant\\vendor\\laravel\\framework\\src\\Illuminate\\Pipeline\\Pipeline.php(183): Illuminate\\Foundation\\Http\\Middleware\\VerifyCsrfToken->handle(Object(Illuminate\\Http\\Request), Object(Closure))
#25 C:\\wamp64\\www\\crm-assistant\\vendor\\laravel\\framework\\src\\Illuminate\\View\\Middleware\\ShareErrorsFromSession.php(49): Illuminate\\Pipeline\\Pipeline->Illuminate\\Pipeline\\{closure}(Object(Illuminate\\Http\\Request))
#26 C:\\wamp64\\www\\crm-assistant\\vendor\\laravel\\framework\\src\\Illuminate\\Pipeline\\Pipeline.php(183): Illuminate\\View\\Middleware\\ShareErrorsFromSession->handle(Object(Illuminate\\Http\\Request), Object(Closure))
#27 C:\\wamp64\\www\\crm-assistant\\vendor\\laravel\\framework\\src\\Illuminate\\Session\\Middleware\\StartSession.php(121): Illuminate\\Pipeline\\Pipeline->Illuminate\\Pipeline\\{closure}(Object(Illuminate\\Http\\Request))
#28 C:\\wamp64\\www\\crm-assistant\\vendor\\laravel\\framework\\src\\Illuminate\\Session\\Middleware\\StartSession.php(64): Illuminate\\Session\\Middleware\\StartSession->handleStatefulRequest(Object(Illuminate\\Http\\Request), Object(Illuminate\\Session\\Store), Object(Closure))
#29 C:\\wamp64\\www\\crm-assistant\\vendor\\laravel\\framework\\src\\Illuminate\\Pipeline\\Pipeline.php(183): Illuminate\\Session\\Middleware\\StartSession->handle(Object(Illuminate\\Http\\Request), Object(Closure))
#30 C:\\wamp64\\www\\crm-assistant\\vendor\\laravel\\framework\\src\\Illuminate\\Cookie\\Middleware\\AddQueuedCookiesToResponse.php(37): Illuminate\\Pipeline\\Pipeline->Illuminate\\Pipeline\\{closure}(Object(Illuminate\\Http\\Request))
#31 C:\\wamp64\\www\\crm-assistant\\vendor\\laravel\\framework\\src\\Illuminate\\Pipeline\\Pipeline.php(183): Illuminate\\Cookie\\Middleware\\AddQueuedCookiesToResponse->handle(Object(Illuminate\\Http\\Request), Object(Closure))
#32 C:\\wamp64\\www\\crm-assistant\\vendor\\laravel\\framework\\src\\Illuminate\\Cookie\\Middleware\\EncryptCookies.php(67): Illuminate\\Pipeline\\Pipeline->Illuminate\\Pipeline\\{closure}(Object(Illuminate\\Http\\Request))
#33 C:\\wamp64\\www\\crm-assistant\\vendor\\laravel\\framework\\src\\Illuminate\\Pipeline\\Pipeline.php(183): Illuminate\\Cookie\\Middleware\\EncryptCookies->handle(Object(Illuminate\\Http\\Request), Object(Closure))
#34 C:\\wamp64\\www\\crm-assistant\\vendor\\laravel\\framework\\src\\Illuminate\\Pipeline\\Pipeline.php(119): Illuminate\\Pipeline\\Pipeline->Illuminate\\Pipeline\\{closure}(Object(Illuminate\\Http\\Request))
#35 C:\\wamp64\\www\\crm-assistant\\vendor\\laravel\\framework\\src\\Illuminate\\Routing\\Router.php(807): Illuminate\\Pipeline\\Pipeline->then(Object(Closure))
#36 C:\\wamp64\\www\\crm-assistant\\vendor\\laravel\\framework\\src\\Illuminate\\Routing\\Router.php(784): Illuminate\\Routing\\Router->runRouteWithinStack(Object(Illuminate\\Routing\\Route), Object(Illuminate\\Http\\Request))
#37 C:\\wamp64\\www\\crm-assistant\\vendor\\laravel\\framework\\src\\Illuminate\\Routing\\Router.php(748): Illuminate\\Routing\\Router->runRoute(Object(Illuminate\\Http\\Request), Object(Illuminate\\Routing\\Route))
#38 C:\\wamp64\\www\\crm-assistant\\vendor\\laravel\\framework\\src\\Illuminate\\Routing\\Router.php(737): Illuminate\\Routing\\Router->dispatchToRoute(Object(Illuminate\\Http\\Request))
#39 C:\\wamp64\\www\\crm-assistant\\vendor\\laravel\\framework\\src\\Illuminate\\Foundation\\Http\\Kernel.php(200): Illuminate\\Routing\\Router->dispatch(Object(Illuminate\\Http\\Request))
#40 C:\\wamp64\\www\\crm-assistant\\vendor\\laravel\\framework\\src\\Illuminate\\Pipeline\\Pipeline.php(144): Illuminate\\Foundation\\Http\\Kernel->Illuminate\\Foundation\\Http\\{closure}(Object(Illuminate\\Http\\Request))
#41 C:\\wamp64\\www\\crm-assistant\\vendor\\laravel\\framework\\src\\Illuminate\\Foundation\\Http\\Middleware\\TransformsRequest.php(21): Illuminate\\Pipeline\\Pipeline->Illuminate\\Pipeline\\{closure}(Object(Illuminate\\Http\\Request))
#42 C:\\wamp64\\www\\crm-assistant\\vendor\\laravel\\framework\\src\\Illuminate\\Foundation\\Http\\Middleware\\ConvertEmptyStringsToNull.php(31): Illuminate\\Foundation\\Http\\Middleware\\TransformsRequest->handle(Object(Illuminate\\Http\\Request), Object(Closure))
#43 C:\\wamp64\\www\\crm-assistant\\vendor\\laravel\\framework\\src\\Illuminate\\Pipeline\\Pipeline.php(183): Illuminate\\Foundation\\Http\\Middleware\\ConvertEmptyStringsToNull->handle(Object(Illuminate\\Http\\Request), Object(Closure))
#44 C:\\wamp64\\www\\crm-assistant\\vendor\\laravel\\framework\\src\\Illuminate\\Foundation\\Http\\Middleware\\TransformsRequest.php(21): Illuminate\\Pipeline\\Pipeline->Illuminate\\Pipeline\\{closure}(Object(Illuminate\\Http\\Request))
#45 C:\\wamp64\\www\\crm-assistant\\vendor\\laravel\\framework\\src\\Illuminate\\Foundation\\Http\\Middleware\\TrimStrings.php(40): Illuminate\\Foundation\\Http\\Middleware\\TransformsRequest->handle(Object(Illuminate\\Http\\Request), Object(Closure))
#46 C:\\wamp64\\www\\crm-assistant\\vendor\\laravel\\framework\\src\\Illuminate\\Pipeline\\Pipeline.php(183): Illuminate\\Foundation\\Http\\Middleware\\TrimStrings->handle(Object(Illuminate\\Http\\Request), Object(Closure))
#47 C:\\wamp64\\www\\crm-assistant\\vendor\\laravel\\framework\\src\\Illuminate\\Foundation\\Http\\Middleware\\ValidatePostSize.php(27): Illuminate\\Pipeline\\Pipeline->Illuminate\\Pipeline\\{closure}(Object(Illuminate\\Http\\Request))
#48 C:\\wamp64\\www\\crm-assistant\\vendor\\laravel\\framework\\src\\Illuminate\\Pipeline\\Pipeline.php(183): Illuminate\\Foundation\\Http\\Middleware\\ValidatePostSize->handle(Object(Illuminate\\Http\\Request), Object(Closure))
#49 C:\\wamp64\\www\\crm-assistant\\vendor\\laravel\\framework\\src\\Illuminate\\Foundation\\Http\\Middleware\\PreventRequestsDuringMaintenance.php(99): Illuminate\\Pipeline\\Pipeline->Illuminate\\Pipeline\\{closure}(Object(Illuminate\\Http\\Request))
#50 C:\\wamp64\\www\\crm-assistant\\vendor\\laravel\\framework\\src\\Illuminate\\Pipeline\\Pipeline.php(183): Illuminate\\Foundation\\Http\\Middleware\\PreventRequestsDuringMaintenance->handle(Object(Illuminate\\Http\\Request), Object(Closure))
#51 C:\\wamp64\\www\\crm-assistant\\vendor\\laravel\\framework\\src\\Illuminate\\Http\\Middleware\\HandleCors.php(49): Illuminate\\Pipeline\\Pipeline->Illuminate\\Pipeline\\{closure}(Object(Illuminate\\Http\\Request))
#52 C:\\wamp64\\www\\crm-assistant\\vendor\\laravel\\framework\\src\\Illuminate\\Pipeline\\Pipeline.php(183): Illuminate\\Http\\Middleware\\HandleCors->handle(Object(Illuminate\\Http\\Request), Object(Closure))
#53 C:\\wamp64\\www\\crm-assistant\\vendor\\laravel\\framework\\src\\Illuminate\\Http\\Middleware\\TrustProxies.php(39): Illuminate\\Pipeline\\Pipeline->Illuminate\\Pipeline\\{closure}(Object(Illuminate\\Http\\Request))
#54 C:\\wamp64\\www\\crm-assistant\\vendor\\laravel\\framework\\src\\Illuminate\\Pipeline\\Pipeline.php(183): Illuminate\\Http\\Middleware\\TrustProxies->handle(Object(Illuminate\\Http\\Request), Object(Closure))
#55 C:\\wamp64\\www\\crm-assistant\\vendor\\laravel\\framework\\src\\Illuminate\\Pipeline\\Pipeline.php(119): Illuminate\\Pipeline\\Pipeline->Illuminate\\Pipeline\\{closure}(Object(Illuminate\\Http\\Request))
#56 C:\\wamp64\\www\\crm-assistant\\vendor\\laravel\\framework\\src\\Illuminate\\Foundation\\Http\\Kernel.php(175): Illuminate\\Pipeline\\Pipeline->then(Object(Closure))
#57 C:\\wamp64\\www\\crm-assistant\\vendor\\laravel\\framework\\src\\Illuminate\\Foundation\\Http\\Kernel.php(144): Illuminate\\Foundation\\Http\\Kernel->sendRequestThroughRouter(Object(Illuminate\\Http\\Request))
#58 C:\\wamp64\\www\\crm-assistant\\public\\index.php(52): Illuminate\\Foundation\\Http\\Kernel->handle(Object(Illuminate\\Http\\Request))
#59 C:\\wamp64\\www\\crm-assistant\\vendor\\laravel\\framework\\src\\Illuminate\\Foundation\\resources\\server.php(16): require_once('C:\\\\wamp64\\\\www\\\\c...')
#60 {main}
"} 
[2026-02-24 16:32:47] local.ERROR: Notification fetch error: cURL error 6: Could not resolve host: orders (see https://curl.haxx.se/libcurl/c/libcurl-errors.html) for orders?sort=-orderNo&filter%5Bstatus%5D=planned  
[2026-02-24 16:33:10] local.ERROR: Notification fetch error: cURL error 6: Could not resolve host: orders (see https://curl.haxx.se/libcurl/c/libcurl-errors.html) for orders?sort=-orderNo&filter%5Bstatus%5D=planned  
[2026-02-24 16:33:24] local.ERROR: Notification fetch error: cURL error 6: Could not resolve host: orders (see https://curl.haxx.se/libcurl/c/libcurl-errors.html) for orders?sort=-orderNo&filter%5Bstatus%5D=planned  
[2026-02-24 16:33:54] local.ERROR: Notification fetch error: cURL error 6: Could not resolve host: orders (see https://curl.haxx.se/libcurl/c/libcurl-errors.html) for orders?sort=-orderNo&filter%5Bstatus%5D=planned  
[2026-02-24 16:34:24] local.ERROR: Notification fetch error: cURL error 6: Could not resolve host: orders (see https://curl.haxx.se/libcurl/c/libcurl-errors.html) for orders?sort=-orderNo&filter%5Bstatus%5D=planned  
[2026-02-24 16:34:28] local.ERROR: Notification fetch error: cURL error 6: Could not resolve host: orders (see https://curl.haxx.se/libcurl/c/libcurl-errors.html) for orders?sort=-orderNo&filter%5Bstatus%5D=planned  
[2026-02-24 16:34:58] local.ERROR: Notification fetch error: cURL error 6: Could not resolve host: orders (see https://curl.haxx.se/libcurl/c/libcurl-errors.html) for orders?sort=-orderNo&filter%5Bstatus%5D=planned  
[2026-02-24 16:35:28] local.ERROR: Notification fetch error: cURL error 6: Could not resolve host: orders (see https://curl.haxx.se/libcurl/c/libcurl-errors.html) for orders?sort=-orderNo&filter%5Bstatus%5D=planned  
[2026-02-24 16:35:31] local.INFO: Fetched 1855 rows from Google Sheets  
[2026-02-24 16:35:39] local.ERROR: Notification fetch error: cURL error 6: Could not resolve host: orders (see https://curl.haxx.se/libcurl/c/libcurl-errors.html) for orders?sort=-orderNo&filter%5Bstatus%5D=planned  
[2026-02-24 16:36:09] local.ERROR: Notification fetch error: cURL error 6: Could not resolve host: orders (see https://curl.haxx.se/libcurl/c/libcurl-errors.html) for orders?sort=-orderNo&filter%5Bstatus%5D=planned  
[2026-02-24 16:36:40] local.ERROR: Notification fetch error: cURL error 6: Could not resolve host: orders (see https://curl.haxx.se/libcurl/c/libcurl-errors.html) for orders?sort=-orderNo&filter%5Bstatus%5D=planned  
[2026-02-24 16:37:10] local.ERROR: Notification fetch error: cURL error 6: Could not resolve host: orders (see https://curl.haxx.se/libcurl/c/libcurl-errors.html) for orders?sort=-orderNo&filter%5Bstatus%5D=planned  
[2026-02-24 16:37:40] local.ERROR: Notification fetch error: cURL error 6: Could not resolve host: orders (see https://curl.haxx.se/libcurl/c/libcurl-errors.html) for orders?sort=-orderNo&filter%5Bstatus%5D=planned  
[2026-02-24 16:38:10] local.ERROR: Notification fetch error: cURL error 6: Could not resolve host: orders (see https://curl.haxx.se/libcurl/c/libcurl-errors.html) for orders?sort=-orderNo&filter%5Bstatus%5D=planned  
[2026-02-24 16:38:39] local.ERROR: Notification fetch error: cURL error 6: Could not resolve host: orders (see https://curl.haxx.se/libcurl/c/libcurl-errors.html) for orders?sort=-orderNo&filter%5Bstatus%5D=planned  
[2026-02-24 16:39:10] local.ERROR: Notification fetch error: cURL error 6: Could not resolve host: orders (see https://curl.haxx.se/libcurl/c/libcurl-errors.html) for orders?sort=-orderNo&filter%5Bstatus%5D=planned  
[2026-02-24 16:39:40] local.ERROR: Notification fetch error: cURL error 6: Could not resolve host: orders (see https://curl.haxx.se/libcurl/c/libcurl-errors.html) for orders?sort=-orderNo&filter%5Bstatus%5D=planned  
[2026-02-24 16:40:10] local.ERROR: Notification fetch error: cURL error 6: Could not resolve host: orders (see https://curl.haxx.se/libcurl/c/libcurl-errors.html) for orders?sort=-orderNo&filter%5Bstatus%5D=planned  
[2026-02-24 16:40:15] local.ERROR: Notification fetch error: cURL error 6: Could not resolve host: orders (see https://curl.haxx.se/libcurl/c/libcurl-errors.html) for orders?sort=-orderNo&filter%5Bstatus%5D=planned  
[2026-02-24 16:40:46] local.ERROR: Notification fetch error: cURL error 6: Could not resolve host: orders (see https://curl.haxx.se/libcurl/c/libcurl-errors.html) for orders?sort=-orderNo&filter%5Bstatus%5D=planned  
[2026-02-24 16:40:49] local.INFO: Fetched 1855 rows from Google Sheets  
[2026-02-24 16:40:57] local.ERROR: Notification fetch error: cURL error 6: Could not resolve host: orders (see https://curl.haxx.se/libcurl/c/libcurl-errors.html) for orders?sort=-orderNo&filter%5Bstatus%5D=planned  
[2026-02-24 16:41:28] local.ERROR: Notification fetch error: cURL error 6: Could not resolve host: orders (see https://curl.haxx.se/libcurl/c/libcurl-errors.html) for orders?sort=-orderNo&filter%5Bstatus%5D=planned  
[2026-02-24 16:41:59] local.ERROR: Notification fetch error: cURL error 6: Could not resolve host: orders (see https://curl.haxx.se/libcurl/c/libcurl-errors.html) for orders?sort=-orderNo&filter%5Bstatus%5D=planned  
[2026-02-24 16:42:24] local.ERROR: Notification fetch error: cURL error 6: Could not resolve host: orders (see https://curl.haxx.se/libcurl/c/libcurl-errors.html) for orders?sort=-orderNo&filter%5Bstatus%5D=planned  
[2026-07-15 21:42:21] local.INFO: Fetched 7811 rows from Google Sheets  
[2026-07-15 21:42:34] local.INFO: Fetched 905 rows from Google Sheets Leads tab  
